file_name,format,size_bytes,sha256,source_org,source_url,authority_note,collected_from_dir,original_relative_path,source_record,duplicate_paths
988_帮助他人.txt,txt,7533,f27c3689959cb5239d41bb7e64587a6a63a366bbfe1dd280eb3e70f2c9b1a72d,988 Lifeline,https://988lifeline.org/help-someone-else/,美国 988 官方危机热线站点,official_mental_health_corpus_20260429_direct_docs,official_mental_health_corpus_20260429_direct_docs/files/988_帮助他人.txt,official_mental_health_corpus_20260429_docs_only/meta/sources_manifest.csv,
988_自助资源.txt,txt,8670,bd78edbbc14eb7ae15d1ec7351ce72bba69de3f83b22c8e8252a3fa2fbfcd7b9,988 Lifeline,https://988lifeline.org/help-yourself/,美国 988 官方危机热线站点,official_mental_health_corpus_20260429_direct_docs,official_mental_health_corpus_20260429_direct_docs/files/988_自助资源.txt,official_mental_health_corpus_20260429_docs_only/meta/sources_manifest.csv,
CDC_YRBS_数据与趋势.txt,txt,5569,0e12517f742cc330df8f7716eedcb107368b2886a72d3e16a74a3dd99a2f38a4,CDC,https://www.cdc.gov/yrbs/dstr/index.html,美国 CDC 官方专题页,official_mental_health_corpus_20260429_direct_docs,official_mental_health_corpus_20260429_direct_docs/files/CDC_YRBS_数据与趋势.txt,official_mental_health_corpus_20260429_docs_only/meta/sources_manifest.csv,
CDC_儿童与青少年心理健康数据研究.txt,txt,13345,fad6d15d3a6b314951570f711bca92f249404f11f0e342ae52a595e9073ac603,CDC,https://www.cdc.gov/children-mental-health/data-research/index.html,美国 CDC 官方专题页,official_mental_health_corpus_20260429_direct_docs,official_mental_health_corpus_20260429_direct_docs/files/CDC_儿童与青少年心理健康数据研究.txt,official_mental_health_corpus_20260429_docs_only/meta/sources_manifest.csv,
CDC_儿童与青少年心理健康概览.txt,txt,12305,a0a172fa061751aa7d80073c1160068b01f2ab455b07b9c9c5d7358b4d34e0b2,CDC,https://www.cdc.gov/children-mental-health/about/index.html,美国 CDC 官方专题页,official_mental_health_corpus_20260429_direct_docs,official_mental_health_corpus_20260429_direct_docs/files/CDC_儿童与青少年心理健康概览.txt,official_mental_health_corpus_20260429_docs_only/meta/sources_manifest.csv,
CDC_心理健康主页.txt,txt,3516,bc666e1acaa120f13b0e87d3d37b325a86b19ce92e0bb4fc0450cffb08c396bc,CDC,https://www.cdc.gov/mental-health/index.html,美国 CDC 官方心理健康主页,official_mental_health_corpus_20260429_direct_docs,official_mental_health_corpus_20260429_direct_docs/files/CDC_心理健康主页.txt,official_mental_health_corpus_20260429_docs_only/meta/sources_manifest.csv,
CDC_心理健康数据简报_2025_527.pdf,pdf,540481,64fbc94e726e6166d93e55d13a0da8e81e2fe9d0a6f7c31a97562b19c9c94557,CDC,https://www.cdc.gov/nchs/data/databriefs/db527.pdf,,official_mental_health_corpus_20260429_direct_docs,official_mental_health_corpus_20260429_direct_docs/files/CDC_心理健康数据简报_2025_527.pdf,official_mental_health_corpus_20260429_direct_docs/README_sources.md,official_mental_health_corpus_20260429_docs_only/raw/www.cdc.gov/CDC_心理健康数据简报_2025_527_PDF.pdf | official_mental_health_corpus_20260429_docs_strict/raw/www.cdc.gov/CDC_心理健康数据简报_2025_527_PDF.pdf | official_mental_health_docs_final_20260429/pdf/CDC_心理健康数据简报_2025_527_PDF.pdf | official_mental_health_corpus_20260429_delivery/direct/www.cdc.gov/CDC_心理健康数据简报_527_PDF.pdf | official_mental_health_corpus_20260429_delivery/raw/www.cdc.gov/CDC_心理健康数据简报_2025_527_PDF.pdf
CDC_心理健康数据频道.txt,txt,7732,df639faa082e435b07d4f49608cdb1ae3fb9c04fc1d615d67b2c7a1e5aa59f1d,CDC,https://www.cdc.gov/mental-health/about-data/index.html,美国 CDC 官方心理健康数据频道,official_mental_health_corpus_20260429_direct_docs,official_mental_health_corpus_20260429_direct_docs/files/CDC_心理健康数据频道.txt,official_mental_health_corpus_20260429_docs_only/meta/sources_manifest.csv,
CDC_自杀相关想法与行为.txt,txt,8231,c03de2f72347bdb88a16595b9392e9452904756c98d2ea3cb7d2cdf6686e4175,CDC,https://www.cdc.gov/mental-health/about-data/suicidal-thoughts-and-behavior.html,美国 CDC 官方自杀相关想法与行为数据页,official_mental_health_corpus_20260429_direct_docs,official_mental_health_corpus_20260429_direct_docs/files/CDC_自杀相关想法与行为.txt,official_mental_health_corpus_20260429_docs_only/meta/sources_manifest.csv,
CDC_自杀预防.txt,txt,6169,5e243658baceb2a4b8850ee89b558d4f4d5c679fa66851cedc25a0e9ce3eb11f,CDC,https://www.cdc.gov/suicide/prevention/index.html,美国 CDC 官方专题页,official_mental_health_corpus_20260429_direct_docs,official_mental_health_corpus_20260429_direct_docs/files/CDC_自杀预防.txt,official_mental_health_corpus_20260429_docs_only/meta/sources_manifest.csv,
CDC_青少年焦虑抑郁与欺凌_数据简报_514.pdf,pdf,536976,9ce7af0e36dde4c712e071a99872bb6d7516929617a1038be6f82a5fdce85b61,CDC,https://www.cdc.gov/nchs/data/databriefs/db514.pdf,,official_mental_health_corpus_20260429_direct_docs,official_mental_health_corpus_20260429_direct_docs/files/CDC_青少年焦虑抑郁与欺凌_数据简报_514.pdf,official_mental_health_corpus_20260429_direct_docs/README_sources.md,official_mental_health_corpus_20260429_docs_only/raw/www.cdc.gov/CDC_青少年焦虑抑郁与欺凌_数据简报_514_PDF.pdf | official_mental_health_corpus_20260429_docs_strict/raw/www.cdc.gov/CDC_青少年焦虑抑郁与欺凌_数据简报_514_PDF.pdf | official_mental_health_docs_final_20260429/pdf/CDC_青少年焦虑抑郁与欺凌_数据简报_514_PDF.pdf | official_mental_health_corpus_20260429_delivery/direct/www.cdc.gov/CDC_青少年焦虑抑郁欺凌_514_PDF.pdf | official_mental_health_corpus_20260429_delivery/raw/www.cdc.gov/CDC_青少年焦虑抑郁与欺凌_数据简报_514_PDF.pdf
MedlinePlus_ADHD.txt,txt,12446,f7e29abe41c041246d9c28dfbf41663c816b549c0de6219a28a5181a6a29a87d,MedlinePlus,https://medlineplus.gov/attentiondeficithyperactivitydisorder.html,美国国家医学图书馆官方健康专题,official_mental_health_corpus_20260429_direct_docs,official_mental_health_corpus_20260429_direct_docs/files/MedlinePlus_ADHD.txt,official_mental_health_corpus_20260429_docs_only/meta/sources_manifest.csv,
MedlinePlus_PTSD.txt,txt,10898,ae10ab8cd9d840a8d1a218527d1c48b10347342c20dd294d72b018ec804d36ff,MedlinePlus,https://medlineplus.gov/posttraumaticstressdisorder.html,美国国家医学图书馆官方健康专题,official_mental_health_corpus_20260429_direct_docs,official_mental_health_corpus_20260429_direct_docs/files/MedlinePlus_PTSD.txt,official_mental_health_corpus_20260429_docs_only/meta/sources_manifest.csv,
MedlinePlus_儿童心理健康.txt,txt,8286,ffae76b6409521502e2637edf5baf6dbb858c7bd07765b3b7e9c7fe175c2cd3d,MedlinePlus,https://medlineplus.gov/childmentalhealth.html,美国国家医学图书馆官方健康专题,official_mental_health_corpus_20260429_direct_docs,official_mental_health_corpus_20260429_direct_docs/files/MedlinePlus_儿童心理健康.txt,official_mental_health_corpus_20260429_docs_only/meta/sources_manifest.csv,
MedlinePlus_压力.txt,txt,11093,14440b2262c70b55901cea5de6f95e3a1f87948a9ba8b42e85c282bd9951cfba,MedlinePlus,https://medlineplus.gov/stress.html,美国国家医学图书馆官方健康专题,official_mental_health_corpus_20260429_direct_docs,official_mental_health_corpus_20260429_direct_docs/files/MedlinePlus_压力.txt,official_mental_health_corpus_20260429_docs_only/meta/sources_manifest.csv,
MedlinePlus_双相障碍.txt,txt,11495,85a51bc2f0a3e4d79505af97d816ad2faf83653df005f95aa300d280381e37f6,MedlinePlus,https://medlineplus.gov/bipolardisorder.html,美国国家医学图书馆官方健康专题,official_mental_health_corpus_20260429_direct_docs,official_mental_health_corpus_20260429_direct_docs/files/MedlinePlus_双相障碍.txt,official_mental_health_corpus_20260429_docs_only/meta/sources_manifest.csv,
MedlinePlus_失眠.txt,txt,7869,82bc0b1ee47dd4538f95fcc0f74289b131ccd037e191116a9af82a9bce22330f,MedlinePlus,https://medlineplus.gov/insomnia.html,美国国家医学图书馆官方健康专题,official_mental_health_corpus_20260429_direct_docs,official_mental_health_corpus_20260429_direct_docs/files/MedlinePlus_失眠.txt,official_mental_health_corpus_20260429_docs_only/meta/sources_manifest.csv,
MedlinePlus_强迫症.txt,txt,10008,86bc344218721fb23f2eb16bb212177c4253229c523d4a98c5288b5fbdb623dd,MedlinePlus,https://medlineplus.gov/obsessivecompulsivedisorder.html,美国国家医学图书馆官方健康专题,official_mental_health_corpus_20260429_direct_docs,official_mental_health_corpus_20260429_direct_docs/files/MedlinePlus_强迫症.txt,official_mental_health_corpus_20260429_docs_only/meta/sources_manifest.csv,
MedlinePlus_焦虑.txt,txt,11451,a0557b6004193560f2249d2424353c0d1556742eaa411cc52c34f989541e8982,MedlinePlus,https://medlineplus.gov/anxiety.html,美国国家医学图书馆官方健康专题,official_mental_health_corpus_20260429_direct_docs,official_mental_health_corpus_20260429_direct_docs/files/MedlinePlus_焦虑.txt,official_mental_health_corpus_20260429_docs_only/meta/sources_manifest.csv,
MedlinePlus_精神分裂症.txt,txt,5735,d6d8c054985d5448f98cfbc672f61add0f3393897f0357c0ba297cab1e637a84,MedlinePlus,https://medlineplus.gov/schizophrenia.html,美国国家医学图书馆官方健康专题,official_mental_health_corpus_20260429_direct_docs,official_mental_health_corpus_20260429_direct_docs/files/MedlinePlus_精神分裂症.txt,official_mental_health_corpus_20260429_docs_only/meta/sources_manifest.csv,
MedlinePlus_进食障碍.txt,txt,12208,f978f6f67ede9bd5eb5edd67b21fa9556ce5378376f6bcc67c8152784f47c4d5,MedlinePlus,https://medlineplus.gov/eatingdisorders.html,美国国家医学图书馆官方健康专题,official_mental_health_corpus_20260429_direct_docs,official_mental_health_corpus_20260429_direct_docs/files/MedlinePlus_进食障碍.txt,official_mental_health_corpus_20260429_docs_only/meta/sources_manifest.csv,
NHS_双相障碍.txt,txt,7320,fc8fbd8143c535337902e57cc6835151ae20e93ebe1e93f5a4f4bd4b7bd469d0,NHS,https://www.nhs.uk/mental-health/conditions/bipolar-disorder/,英国 NHS 官方专题页,official_mental_health_corpus_20260429_direct_docs,official_mental_health_corpus_20260429_direct_docs/files/NHS_双相障碍.txt,official_mental_health_corpus_20260429_docs_only/meta/sources_manifest.csv,
NHS_广泛性焦虑障碍.txt,txt,7416,9be9d9bc4196b95738224dca772c5a0a8313a156d236c03cc9dbff46437d100d,NHS,https://www.nhs.uk/mental-health/conditions/generalised-anxiety-disorder-gad/,英国 NHS 官方专题页,official_mental_health_corpus_20260429_direct_docs,official_mental_health_corpus_20260429_direct_docs/files/NHS_广泛性焦虑障碍.txt,official_mental_health_corpus_20260429_docs_only/meta/sources_manifest.csv,
NHS_强迫症.txt,txt,6011,1b5ddbaecd17657850e86cdb3f07c61ec5ba38b1682f735f7cb7ade8c394d9be,NHS,https://www.nhs.uk/mental-health/conditions/obsessive-compulsive-disorder-ocd/overview/,英国 NHS 官方专题页,official_mental_health_corpus_20260429_direct_docs,official_mental_health_corpus_20260429_direct_docs/files/NHS_强迫症.txt,official_mental_health_corpus_20260429_docs_only/meta/sources_manifest.csv,
NHS_成人抑郁.txt,txt,4933,1a77666a1a973b1ced6ff6bb2f9fb482c352ea165f3b987ae1bbc0b35deebcee,NHS,https://www.nhs.uk/mental-health/conditions/depression-in-adults/overview/,英国 NHS 官方专题页,official_mental_health_corpus_20260429_direct_docs,official_mental_health_corpus_20260429_direct_docs/files/NHS_成人抑郁.txt,official_mental_health_corpus_20260429_docs_only/meta/sources_manifest.csv,
NHS_改善睡眠.txt,txt,5364,1cc9ebd1cb93a768ad3e16865c66c984ed91f194541df3beca2566ce39522bdb,NHS,https://www.nhs.uk/every-mind-matters/mental-wellbeing-tips/how-to-fall-asleep-faster-and-sleep-better/,英国 NHS 官方专题页,official_mental_health_corpus_20260429_direct_docs,official_mental_health_corpus_20260429_direct_docs/files/NHS_改善睡眠.txt,official_mental_health_corpus_20260429_docs_only/meta/sources_manifest.csv,
NIMH_5行动步骤.pdf,pdf,165058,fd18254df5113189446cd960ea581fb6793ed58addd13b7c3120ec8dcb38ba18,NIMH,https://www.nimh.nih.gov/sites/default/files/documents/health/publications/5-action-steps-help-someone-having-thoughts-suicide.pdf,,official_mental_health_corpus_20260429_direct_docs,official_mental_health_corpus_20260429_direct_docs/files/NIMH_5行动步骤.pdf,official_mental_health_corpus_20260429_direct_docs/README_sources.md,official_mental_health_corpus_20260429_docs_only/raw/www.nimh.nih.gov/NIMH_5行动步骤_PDF.pdf | official_mental_health_corpus_20260429_docs_strict/raw/www.nimh.nih.gov/NIMH_5行动步骤_PDF.pdf | official_mental_health_corpus_20260429_fullscan/raw/www.nimh.nih.gov/NIMH_5行动步骤_PDF.pdf | official_mental_health_docs_final_20260429/pdf/NIMH_5行动步骤_PDF.pdf | official_mental_health_corpus_20260429_delivery/raw/www.nimh.nih.gov/NIMH_5行动步骤_PDF.pdf
NIMH_ADHD基础.pdf,pdf,598378,74df79fa4b4eaffc5dc2e154f46451e44bc221cb561b1755b7d51d44e6243143,NIMH,https://www.nimh.nih.gov/sites/default/files/documents/health/publications/adhd-2024.pdf,,official_mental_health_corpus_20260429_direct_docs,official_mental_health_corpus_20260429_direct_docs/files/NIMH_ADHD基础.pdf,official_mental_health_corpus_20260429_direct_docs/README_sources.md,
NIMH_ASQ_住院临床路径.pdf,pdf,734583,66593600c3c7e5d76f792a98641e5f94a497c5310e21b9dfc025ee83d9b003f1,NIMH,https://www.nimh.nih.gov/sites/default/files/documents/research/research-conducted-at-nimh/asq-toolkit-materials/inpatient/pdfs/suicide_risk_screening_clinical_pathway_inpatient_final_with_supplement.pdf,,official_mental_health_corpus_20260429_direct_docs,official_mental_health_corpus_20260429_direct_docs/files/NIMH_ASQ_住院临床路径.pdf,official_mental_health_corpus_20260429_direct_docs/README_sources.md,official_mental_health_corpus_20260429_docs_only/raw/www.nimh.nih.gov/NIMH_ASQ_住院临床路径_PDF.pdf | official_mental_health_corpus_20260429_docs_strict/raw/www.nimh.nih.gov/NIMH_ASQ_住院临床路径_PDF.pdf | official_mental_health_corpus_20260429_fullscan/raw/www.nimh.nih.gov/NIMH_ASQ_住院临床路径_PDF.pdf | official_mental_health_docs_final_20260429/pdf/NIMH_ASQ_住院临床路径_PDF.pdf | official_mental_health_corpus_20260429_delivery/raw/www.nimh.nih.gov/NIMH_ASQ_住院临床路径_PDF.pdf
NIMH_ASQ_成人急诊临床路径.pdf,pdf,235752,112d2a1806f896923208cbec33313fd7e8cb2a3fda4275ca37306435cb1de358,NIMH,https://www.nimh.nih.gov/sites/default/files/documents/research/research-conducted-at-nimh/asq-toolkit-materials/adult-ed/bssa_ed_adult_asq_nimh_toolkit.pdf,,official_mental_health_corpus_20260429_direct_docs,official_mental_health_corpus_20260429_direct_docs/files/NIMH_ASQ_成人急诊临床路径.pdf,official_mental_health_corpus_20260429_direct_docs/README_sources.md,official_mental_health_corpus_20260429_docs_only/raw/www.nimh.nih.gov/NIMH_ASQ_成人急诊临床路径_PDF.pdf | official_mental_health_corpus_20260429_docs_strict/raw/www.nimh.nih.gov/NIMH_ASQ_成人急诊临床路径_PDF.pdf | official_mental_health_corpus_20260429_fullscan/raw/www.nimh.nih.gov/NIMH_ASQ_成人急诊临床路径_PDF.pdf | official_mental_health_docs_final_20260429/pdf/NIMH_ASQ_成人急诊临床路径_PDF.pdf | official_mental_health_corpus_20260429_delivery/raw/www.nimh.nih.gov/NIMH_ASQ_成人急诊临床路径_PDF.pdf
NIMH_ASQ_青少年门诊临床路径.pdf,pdf,395835,b3a2ef0eef500a76cc3f2746dcb65545cf39669c4ceb3cf0239ab9a6c1af3189,NIMH,https://www.nimh.nih.gov/sites/default/files/documents/research/research-conducted-at-nimh/asq-toolkit-materials/youth-outpatient/bssa_outpatient_youth_asq_nimh_toolkit.pdf,,official_mental_health_corpus_20260429_direct_docs,official_mental_health_corpus_20260429_direct_docs/files/NIMH_ASQ_青少年门诊临床路径.pdf,official_mental_health_corpus_20260429_direct_docs/README_sources.md,official_mental_health_corpus_20260429_docs_only/raw/www.nimh.nih.gov/NIMH_ASQ_青少年门诊临床路径_PDF.pdf | official_mental_health_corpus_20260429_docs_strict/raw/www.nimh.nih.gov/NIMH_ASQ_青少年门诊临床路径_PDF.pdf | official_mental_health_corpus_20260429_fullscan/raw/www.nimh.nih.gov/NIMH_ASQ_青少年门诊临床路径_PDF.pdf | official_mental_health_docs_final_20260429/pdf/NIMH_ASQ_青少年门诊临床路径_PDF.pdf | official_mental_health_corpus_20260429_delivery/raw/www.nimh.nih.gov/NIMH_ASQ_青少年门诊临床路径_PDF.pdf
NIMH_PTSD.pdf,pdf,1238273,b75e6ed1b6624b450a6c181176c10504cae8927f8e7fe0493f98db018684bcd0,NIMH,https://www.nimh.nih.gov/sites/default/files/documents/health/publications/post-traumatic-stress-disorder-ptsd/post-traumatic-stress-disorder_1.pdf,,official_mental_health_corpus_20260429_direct_docs,official_mental_health_corpus_20260429_direct_docs/files/NIMH_PTSD.pdf,official_mental_health_corpus_20260429_direct_docs/README_sources.md,
NIMH_任何精神疾病统计.txt,txt,22522,c46b514393e459f010dba6c214f0339aa67bc15ba088f3830c35d583a848c74f,NIMH,https://www.nimh.nih.gov/health/statistics/mental-illness,美国国立精神卫生研究所官方统计页,official_mental_health_corpus_20260429_direct_docs,official_mental_health_corpus_20260429_direct_docs/files/NIMH_任何精神疾病统计.txt,official_mental_health_corpus_20260429_docs_only/meta/sources_manifest.csv,
NIMH_儿童与心理健康.pdf,pdf,193595,5e7585c95f0a9b1c9a85ef4ba4ed52da2928387930147469cb248d762ad630c8,NIMH,https://www.nimh.nih.gov/sites/default/files/documents/health/publications/children-and-mental-health/children-and-mental-health.pdf,,official_mental_health_corpus_20260429_direct_docs,official_mental_health_corpus_20260429_direct_docs/files/NIMH_儿童与心理健康.pdf,official_mental_health_corpus_20260429_direct_docs/README_sources.md,
NIMH_双相障碍.pdf,pdf,356512,ffca449088b677c2a67035ef4af368bafa4ace8290f077b1267c0ead79d12bd7,NIMH,https://www.nimh.nih.gov/sites/default/files/health/publications/bipolar-disorder/bipolar-disorder.pdf,,official_mental_health_corpus_20260429_direct_docs,official_mental_health_corpus_20260429_direct_docs/files/NIMH_双相障碍.pdf,official_mental_health_corpus_20260429_direct_docs/README_sources.md,
NIMH_季节性情感障碍.pdf,pdf,2934119,29bad36e65bab3e787f32c09a6221905b8e5368c83394e2cc073adc52b2c46f1,NIMH,https://www.nimh.nih.gov/sites/default/files/documents/health/publications/seasonal-affective-disorder/seasonal-affective-disorder-508.pdf,,official_mental_health_corpus_20260429_direct_docs,official_mental_health_corpus_20260429_direct_docs/files/NIMH_季节性情感障碍.pdf,official_mental_health_corpus_20260429_direct_docs/README_sources.md,
NIMH_焦虑障碍统计.txt,txt,14891,658c11bb0742586466ae7e1feba36b37ec765c4216d2a326948b25bb77b1e14a,NIMH,https://www.nimh.nih.gov/health/statistics/any-anxiety-disorder,美国国立精神卫生研究所官方统计页,official_mental_health_corpus_20260429_direct_docs,official_mental_health_corpus_20260429_direct_docs/files/NIMH_焦虑障碍统计.txt,official_mental_health_corpus_20260429_docs_only/meta/sources_manifest.csv,
NIMH_破坏性心境失调障碍.pdf,pdf,211709,7bd8826f697c3ef85c821a5507ba98b26a153b6b703aee940ee742d86cf49610,NIMH,https://www.nimh.nih.gov/sites/default/files/documents/health/publications/disruptive-mood-dysregulation-disorder/disruptive-mood-dysregulation-disorder-the-basics_1.pdf,,official_mental_health_corpus_20260429_direct_docs,official_mental_health_corpus_20260429_direct_docs/files/NIMH_破坏性心境失调障碍.pdf,official_mental_health_corpus_20260429_direct_docs/README_sources.md,
NIMH_统计总览.txt,txt,8798,9ead05de5a60f12d58c32c0249071b73b9a36b042ef03f3562f76816f7add72d,NIMH,https://www.nimh.nih.gov/health/statistics,美国国立精神卫生研究所官方统计总览,official_mental_health_corpus_20260429_direct_docs,official_mental_health_corpus_20260429_direct_docs/files/NIMH_统计总览.txt,official_mental_health_corpus_20260429_docs_only/meta/sources_manifest.csv,
NIMH_自杀统计.txt,txt,24284,a34b188c5aca31e7190025238924c275d848e4f1ef25455013067d731821be84,NIMH,https://www.nimh.nih.gov/health/statistics/suicide,美国国立精神卫生研究所官方统计页,official_mental_health_corpus_20260429_direct_docs,official_mental_health_corpus_20260429_direct_docs/files/NIMH_自杀统计.txt,official_mental_health_corpus_20260429_docs_only/meta/sources_manifest.csv,
NIMH_自闭谱系障碍.pdf,pdf,1134384,64bfe90e4a0c8c1c632e3abfcef5c13f83d1f6c44ab5731ed80b550d932aa2b3,NIMH,https://www.nimh.nih.gov/sites/default/files/documents/health/publications/autism-spectrum-disorder/autism-spectrum-disorder.pdf,,official_mental_health_corpus_20260429_direct_docs,official_mental_health_corpus_20260429_direct_docs/files/NIMH_自闭谱系障碍.pdf,official_mental_health_corpus_20260429_direct_docs/README_sources.md,
NIMH_进食障碍.pdf,pdf,522362,090197df2f2f99b65c837a6154c2fbf592d03e69cdcf1b79eefc61de37cfd650,NIMH,https://www.nimh.nih.gov/sites/default/files/documents/health/publications/eating-disorders/eating-disorders-what-you-need-to-know.pdf,,official_mental_health_corpus_20260429_direct_docs,official_mental_health_corpus_20260429_direct_docs/files/NIMH_进食障碍.pdf,official_mental_health_corpus_20260429_direct_docs/README_sources.md,
NIMH_重性抑郁统计.txt,txt,18345,1f601bac70722e96778f2b26566b5897f3b6cec0200c4d880a0a3de427b6d574,NIMH,https://www.nimh.nih.gov/health/statistics/major-depression,美国国立精神卫生研究所官方统计页,official_mental_health_corpus_20260429_direct_docs,official_mental_health_corpus_20260429_direct_docs/files/NIMH_重性抑郁统计.txt,official_mental_health_corpus_20260429_docs_only/meta/sources_manifest.csv,
NIMH_青少年抑郁.pdf,pdf,89906,bff44ed3f83a9316ba509368c486ac12b937cdbb25a09dd7c979bdecd1e50896,NIMH,https://www.nimh.nih.gov/sites/default/files/documents/health/publications/teen-depression/Teen_Depression_More_Than_Just_Moodiness_2022.pdf,,official_mental_health_corpus_20260429_direct_docs,official_mental_health_corpus_20260429_direct_docs/files/NIMH_青少年抑郁.pdf,official_mental_health_corpus_20260429_direct_docs/README_sources.md,
SAMHSA_988事实表.pdf,pdf,500279,80172920b2e3abbf86d3c1a9b54c2adb4d3772032a8d0589054bbfcb1903e8ef,SAMHSA,https://www.samhsa.gov/sites/default/files/988-factsheet.pdf,,official_mental_health_corpus_20260429_direct_docs,official_mental_health_corpus_20260429_direct_docs/files/SAMHSA_988事实表.pdf,official_mental_health_corpus_20260429_direct_docs/README_sources.md,
VA_PTSD与自杀.txt,txt,14059,6e0b402a8fb4f177f537053380c00a06f04bd7df0020f160c69ac11502bcf36a,VA,https://www.ptsd.va.gov/understand/related/suicide_ptsd.asp,美国退伍军人事务部 PTSD 官方专题页,official_mental_health_corpus_20260429_direct_docs,official_mental_health_corpus_20260429_direct_docs/files/VA_PTSD与自杀.txt,official_mental_health_corpus_20260429_docs_only/meta/sources_manifest.csv,
VA_PTSD基础知识.txt,txt,15617,fc5cef11e97ede51f5ae9658358d9ec2b9348b81ea236a1513bd0487a53a7b3f,VA,https://www.ptsd.va.gov/understand/what/ptsd_basics.asp,美国退伍军人事务部 PTSD 官方专题页,official_mental_health_corpus_20260429_direct_docs,official_mental_health_corpus_20260429_direct_docs/files/VA_PTSD基础知识.txt,official_mental_health_corpus_20260429_docs_only/meta/sources_manifest.csv,
VA_PTSD治疗概览.txt,txt,8420,64f6c650aca9906ff71b3f990c9351030c7b65ad61bc115fa94fc650b2067e15,VA,https://www.ptsd.va.gov/understand_tx/treatment_basics.asp,美国退伍军人事务部 PTSD 官方专题页,official_mental_health_corpus_20260429_direct_docs,official_mental_health_corpus_20260429_direct_docs/files/VA_PTSD治疗概览.txt,official_mental_health_corpus_20260429_docs_only/meta/sources_manifest.csv,official_mental_health_corpus_20260429_direct_docs/files/VA_创伤后睡眠问题.txt | official_mental_health_corpus_20260429_direct_docs/files/VA_愤怒与创伤.txt
WHO_心理健康强化响应事实表.txt,txt,10633,67c6a51ae8f4ef2bd45a6a03527c692b7b5bafd6c7e13360244f27cf7746f991,WHO,https://www.who.int/news-room/fact-sheets/detail/mental-health-strengthening-our-response,世界卫生组织官方事实表,official_mental_health_corpus_20260429_direct_docs,official_mental_health_corpus_20260429_direct_docs/files/WHO_心理健康强化响应事实表.txt,official_mental_health_corpus_20260429_docs_only/meta/sources_manifest.csv,
WHO_抑郁症事实表.txt,txt,11654,126a45a20df09286aad68e44cd846959e814e93af463084bf60514905afe77ab,WHO,https://www.who.int/news-room/fact-sheets/detail/depression,世界卫生组织官方事实表,official_mental_health_corpus_20260429_direct_docs,official_mental_health_corpus_20260429_direct_docs/files/WHO_抑郁症事实表.txt,official_mental_health_corpus_20260429_docs_only/meta/sources_manifest.csv,
WHO_自杀事实表.txt,txt,11258,b04cfbbbabbd4634548d35c49c7486951f01a798508e5f7ee6782fd4de71e6d7,WHO,https://www.who.int/news-room/fact-sheets/detail/suicide,世界卫生组织官方事实表,official_mental_health_corpus_20260429_direct_docs,official_mental_health_corpus_20260429_direct_docs/files/WHO_自杀事实表.txt,official_mental_health_corpus_20260429_docs_only/meta/sources_manifest.csv,
WHO_青少年心理健康事实表.txt,txt,13588,76c7d9cfe7ccbc9358e1f95ddd42ad24f417826458e9fd6f53af747660c6944c,WHO,https://www.who.int/news-room/fact-sheets/detail/adolescent-mental-health,世界卫生组织官方事实表,official_mental_health_corpus_20260429_direct_docs,official_mental_health_corpus_20260429_direct_docs/files/WHO_青少年心理健康事实表.txt,official_mental_health_corpus_20260429_docs_only/meta/sources_manifest.csv,
MedlinePlus_心理健康.txt,txt,8254,608412de9682bb9edc8b625a8741114bb1e4f9f9cc9bc25bc90a164bd6ac5984,MedlinePlus,https://medlineplus.gov/mentalhealth.html,美国国家医学图书馆官方健康专题,official_mental_health_corpus_20260429_docs_only,official_mental_health_corpus_20260429_docs_only/text/medlineplus.gov/MedlinePlus_心理健康.txt,official_mental_health_corpus_20260429_docs_only/meta/sources_manifest.csv,official_mental_health_corpus_20260429_docs_strict/text/medlineplus.gov/MedlinePlus_心理健康.txt | official_mental_health_corpus_20260429_fullscan/text/medlineplus.gov/MedlinePlus_心理健康.txt | official_mental_health_docs_final_20260429/txt/MedlinePlus_心理健康.txt | official_mental_health_corpus_20260428/text/medlineplus.gov/MedlinePlus_心理健康.txt | official_mental_health_corpus_20260429_delivery/text/medlineplus.gov/MedlinePlus_心理健康.txt
MedlinePlus_抑郁.txt,txt,15768,af2c7f668cf5e6dcda7926e2c4218246f914ce6b5e63d58ea4606bb7179e9857,MedlinePlus,https://medlineplus.gov/depression.html,美国国家医学图书馆官方健康专题,official_mental_health_corpus_20260429_docs_only,official_mental_health_corpus_20260429_docs_only/text/medlineplus.gov/MedlinePlus_抑郁.txt,official_mental_health_corpus_20260429_docs_only/meta/sources_manifest.csv,official_mental_health_corpus_20260429_docs_strict/text/medlineplus.gov/MedlinePlus_抑郁.txt | official_mental_health_corpus_20260429_expanded/text/medlineplus.gov/MedlinePlus_抑郁.txt | official_mental_health_corpus_20260429_fullscan/text/medlineplus.gov/MedlinePlus_抑郁.txt | official_mental_health_docs_final_20260429/txt/MedlinePlus_抑郁.txt | official_mental_health_corpus_20260428/text/medlineplus.gov/MedlinePlus_抑郁.txt | official_mental_health_corpus_20260429_delivery/text/medlineplus.gov/MedlinePlus_抑郁.txt
MedlinePlus_自残.txt,txt,7417,2c14779c7eae548d949008d4bde70c3ede9eb0a86539af982c4204105b5be540,MedlinePlus,https://medlineplus.gov/selfharm.html,美国国家医学图书馆官方健康专题,official_mental_health_corpus_20260429_docs_only,official_mental_health_corpus_20260429_docs_only/text/medlineplus.gov/MedlinePlus_自残.txt,official_mental_health_corpus_20260429_docs_only/meta/sources_manifest.csv,official_mental_health_corpus_20260429_expanded/text/medlineplus.gov/MedlinePlus_自残.txt | official_mental_health_corpus_20260429_fullscan/text/medlineplus.gov/MedlinePlus_自残.txt | official_mental_health_corpus_20260428/text/medlineplus.gov/MedlinePlus_自残.txt | official_mental_health_corpus_20260429_delivery/text/medlineplus.gov/MedlinePlus_自残.txt
CDC_Household_Pulse_心理健康.txt,txt,12326,7d3f1331954788fb8a9376b3b0bf97aaaea9d2c8f5631be9b5fe209f404181c4,CDC,https://www.cdc.gov/nchs/covid19/pulse/mental-health.htm,美国 CDC Household Pulse Survey 官方心理健康页,official_mental_health_corpus_20260429_docs_only,official_mental_health_corpus_20260429_docs_only/text/www.cdc.gov/CDC_Household_Pulse_心理健康.txt,official_mental_health_corpus_20260429_docs_only/meta/sources_manifest.csv,official_mental_health_corpus_20260429_docs_strict/text/www.cdc.gov/CDC_Household_Pulse_心理健康.txt | official_mental_health_docs_final_20260429/txt/CDC_Household_Pulse_心理健康.txt | official_mental_health_corpus_20260429_delivery/text/www.cdc.gov/CDC_Household_Pulse_心理健康.txt
CDC_心理健康数据来源.txt,txt,38253,7d464a9d87c7585cf5cb3fed5d82d7589ced9b1f6b494443d9d84fb4d7c4592c,CDC,https://www.cdc.gov/mental-health/about-data/mental-health-data-sources.html,美国 CDC 官方心理健康数据来源页,official_mental_health_corpus_20260429_docs_only,official_mental_health_corpus_20260429_docs_only/text/www.cdc.gov/CDC_心理健康数据来源.txt,official_mental_health_corpus_20260429_docs_only/meta/sources_manifest.csv,official_mental_health_corpus_20260429_docs_strict/text/www.cdc.gov/CDC_心理健康数据来源.txt | official_mental_health_docs_final_20260429/txt/CDC_心理健康数据来源.txt | official_mental_health_corpus_20260429_delivery/text/www.cdc.gov/CDC_心理健康数据来源.txt
CDC_童年逆境经历_ACEs.txt,txt,14191,c6c7e4f4889c5dc958404d64cc52b9c8b28fea0df4280060231c85e2f5ab131a,CDC,https://www.cdc.gov/aces/about/index.html,美国 CDC 官方专题页,official_mental_health_corpus_20260429_docs_only,official_mental_health_corpus_20260429_docs_only/text/www.cdc.gov/CDC_童年逆境经历_ACEs.txt,official_mental_health_corpus_20260429_docs_only/meta/sources_manifest.csv,official_mental_health_corpus_20260429_docs_strict/text/www.cdc.gov/CDC_童年逆境经历_ACEs.txt | official_mental_health_docs_final_20260429/txt/CDC_童年逆境经历_ACEs.txt | official_mental_health_corpus_20260429_delivery/text/www.cdc.gov/CDC_童年逆境经历_ACEs.txt
CDC_群体心理健康资源.txt,txt,13215,10795bdda42d77852d7a435eadab385aa1e0ca4f632e401994bf2a82ec6dd987,CDC,https://www.cdc.gov/mental-health/about-data/resources.html,美国 CDC 官方群体心理健康资源页,official_mental_health_corpus_20260429_docs_only,official_mental_health_corpus_20260429_docs_only/text/www.cdc.gov/CDC_群体心理健康资源.txt,official_mental_health_corpus_20260429_docs_only/meta/sources_manifest.csv,official_mental_health_corpus_20260429_docs_strict/text/www.cdc.gov/CDC_群体心理健康资源.txt | official_mental_health_docs_final_20260429/txt/CDC_群体心理健康资源.txt | official_mental_health_corpus_20260429_delivery/text/www.cdc.gov/CDC_群体心理健康资源.txt
CDC_自杀事实与数据.txt,txt,12178,3760fd7413dd6237e7b75f5725357c5f986cf1c4600b72daf00b691ca26c2159,CDC,https://www.cdc.gov/suicide/facts/index.html,美国 CDC 官方专题页,official_mental_health_corpus_20260429_docs_only,official_mental_health_corpus_20260429_docs_only/text/www.cdc.gov/CDC_自杀事实与数据.txt,official_mental_health_corpus_20260429_docs_only/meta/sources_manifest.csv,official_mental_health_corpus_20260429_docs_strict/text/www.cdc.gov/CDC_自杀事实与数据.txt | official_mental_health_corpus_20260429_expanded/text/www.cdc.gov/CDC_自杀事实与数据.txt | official_mental_health_corpus_20260429_fullscan/text/www.cdc.gov/CDC_自杀事实与数据.txt | official_mental_health_docs_final_20260429/txt/CDC_自杀事实与数据.txt | official_mental_health_corpus_20260428/text/www.cdc.gov/CDC_自杀事实与数据.txt | official_mental_health_corpus_20260429_delivery/text/www.cdc.gov/CDC_自杀事实与数据.txt
NHLBI_睡眠缺乏与不足.txt,txt,6209,ca64c573c4d81081cebf385a859ca2af0874912d5d82ae1b4f57f9a3389ce96f,NHLBI,https://www.nhlbi.nih.gov/health/sleep-deprivation,美国 NIH 国家心肺血液研究所官方健康专题,official_mental_health_corpus_20260429_docs_only,official_mental_health_corpus_20260429_docs_only/text/www.nhlbi.nih.gov/NHLBI_睡眠缺乏与不足.txt,official_mental_health_corpus_20260429_docs_only/meta/sources_manifest.csv,official_mental_health_corpus_20260429_delivery/text/www.nhlbi.nih.gov/NHLBI_睡眠缺乏与不足.txt
NHS_PTSD.txt,txt,9079,444f1799f17cef023b3e798fb7b9b6f86fcbf9d5b2b41dc92c1e16dbc419e75e,NHS,https://www.nhs.uk/mental-health/conditions/ptsd-post-traumatic-stress-disorder/,英国 NHS 官方专题页,official_mental_health_corpus_20260429_docs_only,official_mental_health_corpus_20260429_docs_only/text/www.nhs.uk/NHS_PTSD.txt,official_mental_health_corpus_20260429_docs_only/meta/sources_manifest.csv,official_mental_health_corpus_20260429_delivery/text/www.nhs.uk/NHS_PTSD.txt
NHS_心理健康疾病总览.txt,txt,1827,7e9d3a8cb1465c3201024dca5627611f26c54da17c7242f91db1fdcbaed7d651,NHS,https://www.nhs.uk/mental-health/conditions/,英国 NHS 官方心理疾病总览页,official_mental_health_corpus_20260429_docs_only,official_mental_health_corpus_20260429_docs_only/text/www.nhs.uk/NHS_心理健康疾病总览.txt,official_mental_health_corpus_20260429_docs_only/meta/sources_manifest.csv,official_mental_health_corpus_20260429_docs_strict/text/www.nhs.uk/NHS_心理健康疾病总览.txt | official_mental_health_docs_final_20260429/txt/NHS_心理健康疾病总览.txt | official_mental_health_corpus_20260429_delivery/text/www.nhs.uk/NHS_心理健康疾病总览.txt
NHS_恐慌障碍.txt,txt,8597,a3adb9651370fca5ef9616a2324314ae13df3b8ee588ef16ac541b269e831579,NHS,https://www.nhs.uk/mental-health/conditions/panic-disorder/,英国 NHS 官方专题页,official_mental_health_corpus_20260429_docs_only,official_mental_health_corpus_20260429_docs_only/text/www.nhs.uk/NHS_恐慌障碍.txt,official_mental_health_corpus_20260429_docs_only/meta/sources_manifest.csv,official_mental_health_corpus_20260429_docs_strict/text/www.nhs.uk/NHS_恐慌障碍.txt | official_mental_health_docs_final_20260429/txt/NHS_恐慌障碍.txt | official_mental_health_corpus_20260429_delivery/text/www.nhs.uk/NHS_恐慌障碍.txt
NICE_儿童青少年抑郁.txt,txt,4285,25860ef3782f225c62d4c306fcbb5357ac55b6526bccdefa2610fe1ed0ac1b7f,NICE,https://www.nice.org.uk/guidance/ng134,英国 NICE 官方指南页,official_mental_health_corpus_20260429_docs_only,official_mental_health_corpus_20260429_docs_only/text/www.nice.org.uk/NICE_儿童青少年抑郁.txt,,
NICE_广泛性焦虑与惊恐障碍.txt,txt,4831,5723cb21178f1601da55de57f346f04f5c00fa3cdbb4997fcfdf890afd3f0db2,NICE,https://www.nice.org.uk/guidance/cg113,英国 NICE 官方指南页,official_mental_health_corpus_20260429_docs_only,official_mental_health_corpus_20260429_docs_only/text/www.nice.org.uk/NICE_广泛性焦虑与惊恐障碍.txt,official_mental_health_corpus_20260429_docs_only/meta/sources_manifest.csv,official_mental_health_corpus_20260429_delivery/text/www.nice.org.uk/NICE_广泛性焦虑与惊恐障碍.txt
NIMH_5个行动步骤帮助有自杀想法者.txt,txt,10557,09dbb4a11ebf76d44dc3aadca437345a9001c7c90397999704acd8ddcc8c0d2a,NIMH,https://www.nimh.nih.gov/health/publications/5-action-steps-to-help-someone-having-thoughts-of-suicide,美国国立精神卫生研究所官方自杀干预行动步骤页,official_mental_health_corpus_20260429_docs_only,official_mental_health_corpus_20260429_docs_only/text/www.nimh.nih.gov/NIMH_5个行动步骤帮助有自杀想法者.txt,official_mental_health_corpus_20260429_docs_only/meta/sources_manifest.csv,official_mental_health_corpus_20260429_docs_strict/text/www.nimh.nih.gov/NIMH_5个行动步骤帮助有自杀想法者.txt | official_mental_health_corpus_20260429_fullscan/text/www.nimh.nih.gov/NIMH_5个行动步骤帮助有自杀想法者.txt | official_mental_health_docs_final_20260429/txt/NIMH_5个行动步骤帮助有自杀想法者.txt | official_mental_health_corpus_20260429_delivery/text/www.nimh.nih.gov/NIMH_5个行动步骤帮助有自杀想法者.txt
NIMH_ASQ_青少年工具包页.txt,txt,9845,7e62b521aa483abd431af9d2c6ff16921a45c62a8526c919e675722578759a33,NIMH,https://www.nimh.nih.gov/research/research-conducted-at-nimh/asq-toolkit-materials/youth-asq-toolkit,美国国立精神卫生研究所官方 ASQ 青少年工具包页,official_mental_health_corpus_20260429_docs_only,official_mental_health_corpus_20260429_docs_only/text/www.nimh.nih.gov/NIMH_ASQ_青少年工具包页.txt,official_mental_health_corpus_20260429_docs_only/meta/sources_manifest.csv,official_mental_health_corpus_20260429_docs_strict/text/www.nimh.nih.gov/NIMH_ASQ_青少年工具包页.txt | official_mental_health_corpus_20260429_fullscan/text/www.nimh.nih.gov/NIMH_ASQ_青少年工具包页.txt | official_mental_health_docs_final_20260429/txt/NIMH_ASQ_青少年工具包页.txt | official_mental_health_corpus_20260429_delivery/text/www.nimh.nih.gov/NIMH_ASQ_青少年工具包页.txt
NIMH_PTSD.txt,txt,21795,0703615157ff7c33653c618da2d7d65840fb5de9d014649978f5959e43400cc8,NIMH,https://www.nimh.nih.gov/health/publications/post-traumatic-stress-disorder-ptsd,美国国立精神卫生研究所官方专题页,official_mental_health_corpus_20260429_docs_only,official_mental_health_corpus_20260429_docs_only/text/www.nimh.nih.gov/NIMH_PTSD.txt,official_mental_health_corpus_20260429_docs_only/meta/sources_manifest.csv,official_mental_health_corpus_20260429_docs_strict/text/www.nimh.nih.gov/NIMH_PTSD.txt | official_mental_health_corpus_20260429_expanded/text/www.nimh.nih.gov/NIMH_PTSD.txt | official_mental_health_corpus_20260429_fullscan/text/www.nimh.nih.gov/NIMH_PTSD.txt | official_mental_health_docs_final_20260429/txt/NIMH_PTSD.txt | official_mental_health_corpus_20260428/text/www.nimh.nih.gov/NIMH_PTSD.txt | official_mental_health_corpus_20260429_delivery/text/www.nimh.nih.gov/NIMH_PTSD.txt
NIMH_儿童与心理健康.txt,txt,21300,35c3bccd025b8ed1b508fc41fab4f4549fe8970d072882109d21438e4c416b99,NIMH,https://www.nimh.nih.gov/health/publications/children-and-mental-health,美国国立精神卫生研究所官方专题页,official_mental_health_corpus_20260429_docs_only,official_mental_health_corpus_20260429_docs_only/text/www.nimh.nih.gov/NIMH_儿童与心理健康.txt,official_mental_health_corpus_20260429_docs_only/meta/sources_manifest.csv,official_mental_health_corpus_20260429_docs_strict/text/www.nimh.nih.gov/NIMH_儿童与心理健康.txt | official_mental_health_corpus_20260429_expanded/text/www.nimh.nih.gov/NIMH_儿童与心理健康.txt | official_mental_health_corpus_20260429_fullscan/text/www.nimh.nih.gov/NIMH_儿童与心理健康.txt | official_mental_health_docs_final_20260429/txt/NIMH_儿童与心理健康.txt | official_mental_health_corpus_20260428/text/www.nimh.nih.gov/NIMH_儿童与心理健康.txt | official_mental_health_corpus_20260429_delivery/text/www.nimh.nih.gov/NIMH_儿童与心理健康.txt
NIMH_出版物总索引.txt,txt,9265,4a88dd5e78bde02310f2cddd4918cc4b296b2122cf362d8377a3a8edd5976657,NIMH,https://www.nimh.nih.gov/health/publications,美国国立精神卫生研究所官方出版物总索引,official_mental_health_corpus_20260429_docs_only,official_mental_health_corpus_20260429_docs_only/text/www.nimh.nih.gov/NIMH_出版物总索引.txt,official_mental_health_corpus_20260429_docs_only/meta/sources_manifest.csv,official_mental_health_corpus_20260429_docs_only/text/www.nimh.nih.gov/NIMH_我是否需要帮助_PDF.txt | official_mental_health_corpus_20260429_docs_strict/text/www.nimh.nih.gov/NIMH_出版物总索引.txt | official_mental_health_corpus_20260429_fullscan/text/www.nimh.nih.gov/NIMH_出版物总索引.txt | official_mental_health_docs_final_20260429/txt/NIMH_出版物总索引.txt | official_mental_health_corpus_20260429_delivery/text/www.nimh.nih.gov/NIMH_出版物总索引.txt
NIMH_双相障碍.txt,txt,25054,ebf51a5bcf409f8b38de3ae7200371b07b522431009cdbb92d581653e2ac5dce,NIMH,https://www.nimh.nih.gov/health/publications/bipolar-disorder,美国国立精神卫生研究所官方专题页,official_mental_health_corpus_20260429_docs_only,official_mental_health_corpus_20260429_docs_only/text/www.nimh.nih.gov/NIMH_双相障碍.txt,official_mental_health_corpus_20260429_docs_only/meta/sources_manifest.csv,official_mental_health_corpus_20260429_docs_strict/text/www.nimh.nih.gov/NIMH_双相障碍.txt | official_mental_health_corpus_20260429_expanded/text/www.nimh.nih.gov/NIMH_双相障碍.txt | official_mental_health_corpus_20260429_fullscan/text/www.nimh.nih.gov/NIMH_双相障碍.txt | official_mental_health_docs_final_20260429/txt/NIMH_双相障碍.txt | official_mental_health_corpus_20260428/text/www.nimh.nih.gov/NIMH_双相障碍.txt | official_mental_health_corpus_20260429_delivery/text/www.nimh.nih.gov/NIMH_双相障碍.txt
NIMH_季节性情感障碍.txt,txt,22874,811df7f5be38fef0431fc6cbde613442621c3b63760049fd82131fa1dbe3060c,NIMH,https://www.nimh.nih.gov/health/publications/seasonal-affective-disorder,美国国立精神卫生研究所官方专题页,official_mental_health_corpus_20260429_docs_only,official_mental_health_corpus_20260429_docs_only/text/www.nimh.nih.gov/NIMH_季节性情感障碍.txt,official_mental_health_corpus_20260429_docs_only/meta/sources_manifest.csv,official_mental_health_corpus_20260429_expanded/text/www.nimh.nih.gov/NIMH_季节性情感障碍.txt | official_mental_health_corpus_20260429_fullscan/text/www.nimh.nih.gov/NIMH_季节性情感障碍.txt | official_mental_health_corpus_20260429_delivery/text/www.nimh.nih.gov/NIMH_季节性情感障碍.txt
NIMH_心理预防出版物索引.txt,txt,9589,df1cf9253bca48aa5e2ea1192c3dacc134f49ae13fe17d3378c575c4a78b22d8,NIMH,https://www.nimh.nih.gov/health/publications/prevention-listing,美国国立精神卫生研究所官方预防类出版物索引,official_mental_health_corpus_20260429_docs_only,official_mental_health_corpus_20260429_docs_only/text/www.nimh.nih.gov/NIMH_心理预防出版物索引.txt,official_mental_health_corpus_20260429_docs_only/meta/sources_manifest.csv,official_mental_health_corpus_20260429_docs_strict/text/www.nimh.nih.gov/NIMH_心理预防出版物索引.txt | official_mental_health_corpus_20260429_fullscan/text/www.nimh.nih.gov/NIMH_心理预防出版物索引.txt | official_mental_health_docs_final_20260429/txt/NIMH_心理预防出版物索引.txt | official_mental_health_corpus_20260429_delivery/text/www.nimh.nih.gov/NIMH_心理预防出版物索引.txt
NIMH_恐慌障碍.txt,txt,20503,637c8ab190b924d18dd69a3fb1fdab118c04d44f203bf8a0db012b7a6fb1a92e,NIMH,https://www.nimh.nih.gov/health/publications/panic-disorder-when-fear-overwhelms,美国国立精神卫生研究所官方专题页,official_mental_health_corpus_20260429_docs_only,official_mental_health_corpus_20260429_docs_only/text/www.nimh.nih.gov/NIMH_恐慌障碍.txt,official_mental_health_corpus_20260429_docs_only/meta/sources_manifest.csv,official_mental_health_corpus_20260429_docs_strict/text/www.nimh.nih.gov/NIMH_恐慌障碍.txt | official_mental_health_corpus_20260429_expanded/text/www.nimh.nih.gov/NIMH_恐慌障碍.txt | official_mental_health_corpus_20260429_fullscan/text/www.nimh.nih.gov/NIMH_恐慌障碍.txt | official_mental_health_docs_final_20260429/txt/NIMH_恐慌障碍.txt | official_mental_health_corpus_20260429_delivery/text/www.nimh.nih.gov/NIMH_恐慌障碍.txt
NIMH_我是否需要帮助.txt,txt,10720,a7a66c63aed933c0dc33b5cff9d57c67ae1f03edc8c84cb0b9ee422a0122b6df,NIMH,https://www.nimh.nih.gov/health/publications/my-mental-health-do-i-need-help,美国国立精神卫生研究所官方心理求助判断页,official_mental_health_corpus_20260429_docs_only,official_mental_health_corpus_20260429_docs_only/text/www.nimh.nih.gov/NIMH_我是否需要帮助.txt,official_mental_health_corpus_20260429_docs_only/meta/sources_manifest.csv,official_mental_health_corpus_20260429_docs_strict/text/www.nimh.nih.gov/NIMH_我是否需要帮助.txt | official_mental_health_corpus_20260429_fullscan/text/www.nimh.nih.gov/NIMH_我是否需要帮助.txt | official_mental_health_docs_final_20260429/txt/NIMH_我是否需要帮助.txt | official_mental_health_corpus_20260429_delivery/text/www.nimh.nih.gov/NIMH_我是否需要帮助.txt
NIMH_抑郁宣传册_PDF.txt,txt,25510,082c218d26c84480254e5ac555acf5d2d4397ef5353d44b4e2c8c5e0a42964aa,NIMH,https://www.nimh.nih.gov/health/publications/depression,美国国立精神卫生研究所官方抑郁宣传册 PDF,official_mental_health_corpus_20260429_docs_only,official_mental_health_corpus_20260429_docs_only/text/www.nimh.nih.gov/NIMH_抑郁宣传册_PDF.txt,official_mental_health_corpus_20260429_docs_strict/meta/sources_manifest.csv,official_mental_health_corpus_20260429_docs_only/text/www.nimh.nih.gov/NIMH_抑郁症.txt | official_mental_health_corpus_20260429_docs_strict/text/www.nimh.nih.gov/NIMH_抑郁宣传册_PDF.txt | official_mental_health_corpus_20260429_docs_strict/text/www.nimh.nih.gov/NIMH_抑郁症.txt | official_mental_health_corpus_20260429_expanded/text/www.nimh.nih.gov/NIMH_抑郁症.txt | official_mental_health_corpus_20260429_fullscan/text/www.nimh.nih.gov/NIMH_抑郁宣传册_PDF.txt | official_mental_health_corpus_20260429_fullscan/text/www.nimh.nih.gov/NIMH_抑郁症.txt | official_mental_health_docs_final_20260429/txt/NIMH_抑郁宣传册_PDF.txt | official_mental_health_docs_final_20260429/txt/NIMH_抑郁症.txt | official_mental_health_corpus_20260428/text/www.nimh.nih.gov/NIMH_抑郁症.txt | official_mental_health_corpus_20260429_delivery/text/www.nimh.nih.gov/NIMH_抑郁症.txt
NIMH_照顾心理健康_主题页.txt,txt,13847,2259b82aa8f49043df951a1e088e86c9adc99c1bace3fc82a5152152fc7ddd24,NIMH,https://www.nimh.nih.gov/health/topics/caring-for-your-mental-health,美国国立精神卫生研究所官方心理自我照护页,official_mental_health_corpus_20260429_docs_only,official_mental_health_corpus_20260429_docs_only/text/www.nimh.nih.gov/NIMH_照顾心理健康_主题页.txt,official_mental_health_corpus_20260429_docs_only/meta/sources_manifest.csv,official_mental_health_corpus_20260429_docs_strict/text/www.nimh.nih.gov/NIMH_照顾心理健康_主题页.txt | official_mental_health_docs_final_20260429/txt/NIMH_照顾心理健康_主题页.txt | official_mental_health_corpus_20260429_delivery/text/www.nimh.nih.gov/NIMH_照顾心理健康_主题页.txt
NIMH_男性与抑郁.txt,txt,13306,979d8c493b87b64ca7063062865012b78b327ced84299d3b0b8acc3fc8615499,NIMH,https://www.nimh.nih.gov/health/topics/depression,美国国立精神卫生研究所官方专题页,official_mental_health_corpus_20260429_docs_only,official_mental_health_corpus_20260429_docs_only/text/www.nimh.nih.gov/NIMH_男性与抑郁.txt,official_mental_health_corpus_20260429_docs_only/meta/sources_manifest.csv,official_mental_health_corpus_20260429_docs_strict/text/www.nimh.nih.gov/NIMH_男性与抑郁.txt | official_mental_health_corpus_20260429_expanded/text/www.nimh.nih.gov/NIMH_男性与抑郁.txt | official_mental_health_corpus_20260429_fullscan/text/www.nimh.nih.gov/NIMH_男性与抑郁.txt | official_mental_health_docs_final_20260429/txt/NIMH_男性与抑郁.txt | official_mental_health_corpus_20260429_delivery/text/www.nimh.nih.gov/NIMH_男性与抑郁.txt
NIMH_破坏性心境失调障碍.txt,txt,18778,a4ce2dfc91cbb2a93dbea4b15b1a24a64b8daf0cee65cbd4819e6935e759ab72,NIMH,https://www.nimh.nih.gov/health/publications/disruptive-mood-dysregulation-disorder,美国国立精神卫生研究所官方专题页,official_mental_health_corpus_20260429_docs_only,official_mental_health_corpus_20260429_docs_only/text/www.nimh.nih.gov/NIMH_破坏性心境失调障碍.txt,official_mental_health_corpus_20260429_docs_only/meta/sources_manifest.csv,official_mental_health_corpus_20260429_docs_strict/text/www.nimh.nih.gov/NIMH_破坏性心境失调障碍.txt | official_mental_health_corpus_20260429_expanded/text/www.nimh.nih.gov/NIMH_破坏性心境失调障碍.txt | official_mental_health_corpus_20260429_fullscan/text/www.nimh.nih.gov/NIMH_破坏性心境失调障碍.txt | official_mental_health_docs_final_20260429/txt/NIMH_破坏性心境失调障碍.txt | official_mental_health_corpus_20260429_delivery/text/www.nimh.nih.gov/NIMH_破坏性心境失调障碍.txt
NIMH_社交焦虑障碍.txt,txt,22310,dc67e9cd69cde49658db41d7e0e33f227aa7c9c0b4b024c5b8ea441aab6ffb5e,NIMH,https://www.nimh.nih.gov/health/publications/social-anxiety-disorder-more-than-just-shyness,美国国立精神卫生研究所官方专题页,official_mental_health_corpus_20260429_docs_only,official_mental_health_corpus_20260429_docs_only/text/www.nimh.nih.gov/NIMH_社交焦虑障碍.txt,official_mental_health_corpus_20260429_docs_only/meta/sources_manifest.csv,official_mental_health_corpus_20260429_docs_strict/text/www.nimh.nih.gov/NIMH_社交焦虑障碍.txt | official_mental_health_corpus_20260429_expanded/text/www.nimh.nih.gov/NIMH_社交焦虑障碍.txt | official_mental_health_corpus_20260429_fullscan/text/www.nimh.nih.gov/NIMH_社交焦虑障碍.txt | official_mental_health_docs_final_20260429/txt/NIMH_社交焦虑障碍.txt | official_mental_health_corpus_20260429_delivery/text/www.nimh.nih.gov/NIMH_社交焦虑障碍.txt
NIMH_精神分裂症.txt,txt,20819,b13bfc3e80ee1284b6052e873f761cfeefa7b6e10997d871a6a2eb824b14c249,NIMH,https://www.nimh.nih.gov/health/publications/schizophrenia,美国国立精神卫生研究所官方专题页,official_mental_health_corpus_20260429_docs_only,official_mental_health_corpus_20260429_docs_only/text/www.nimh.nih.gov/NIMH_精神分裂症.txt,official_mental_health_corpus_20260429_docs_only/meta/sources_manifest.csv,official_mental_health_corpus_20260429_expanded/text/www.nimh.nih.gov/NIMH_精神分裂症.txt | official_mental_health_corpus_20260429_fullscan/text/www.nimh.nih.gov/NIMH_精神分裂症.txt | official_mental_health_corpus_20260429_delivery/text/www.nimh.nih.gov/NIMH_精神分裂症.txt
NIMH_自杀常见问答.txt,txt,19494,9d2bec30dba59396ade3140ed0f52ddea5ac9f5bbee2a2bdab3113c33e1e91cd,NIMH,https://www.nimh.nih.gov/health/publications/suicide-faq,美国国立精神卫生研究所官方自杀常见问答页,official_mental_health_corpus_20260429_docs_only,official_mental_health_corpus_20260429_docs_only/text/www.nimh.nih.gov/NIMH_自杀常见问答.txt,official_mental_health_corpus_20260429_docs_only/meta/sources_manifest.csv,official_mental_health_corpus_20260429_docs_strict/text/www.nimh.nih.gov/NIMH_自杀常见问答.txt | official_mental_health_corpus_20260429_fullscan/text/www.nimh.nih.gov/NIMH_自杀常见问答.txt | official_mental_health_docs_final_20260429/txt/NIMH_自杀常见问答.txt | official_mental_health_corpus_20260429_delivery/text/www.nimh.nih.gov/NIMH_自杀常见问答.txt
NIMH_自杀警示信号.txt,txt,9981,273da372e3b2f4804537bce6c710235e29d7218a7243cd3ab4dc68ef752e73c5,NIMH,https://www.nimh.nih.gov/health/publications/warning-signs-of-suicide,美国国立精神卫生研究所官方自杀警示信号页,official_mental_health_corpus_20260429_docs_only,official_mental_health_corpus_20260429_docs_only/text/www.nimh.nih.gov/NIMH_自杀警示信号.txt,official_mental_health_corpus_20260429_docs_only/meta/sources_manifest.csv,official_mental_health_corpus_20260429_docs_strict/text/www.nimh.nih.gov/NIMH_自杀警示信号.txt | official_mental_health_docs_final_20260429/txt/NIMH_自杀警示信号.txt | official_mental_health_corpus_20260429_delivery/text/www.nimh.nih.gov/NIMH_自杀警示信号.txt
NIMH_自杀预防出版物索引.txt,txt,9499,ba29ade406ef1d8ef1cab967113320830104cf9ac6cf6a7dec91b6072ae82a89,NIMH,https://www.nimh.nih.gov/health/publications/suicide-prevention-listing,美国国立精神卫生研究所官方自杀预防出版物索引,official_mental_health_corpus_20260429_docs_only,official_mental_health_corpus_20260429_docs_only/text/www.nimh.nih.gov/NIMH_自杀预防出版物索引.txt,official_mental_health_corpus_20260429_docs_only/meta/sources_manifest.csv,official_mental_health_corpus_20260429_docs_strict/text/www.nimh.nih.gov/NIMH_自杀预防出版物索引.txt | official_mental_health_docs_final_20260429/txt/NIMH_自杀预防出版物索引.txt | official_mental_health_corpus_20260429_delivery/text/www.nimh.nih.gov/NIMH_自杀预防出版物索引.txt
NIMH_自闭谱系障碍.txt,txt,21994,2cc22004d600193e3e16a5b2daa8a5d4c54ddf0cfc2498f1b75a5a688348007a,NIMH,https://www.nimh.nih.gov/health/publications/autism-spectrum-disorder,美国国立精神卫生研究所官方专题页,official_mental_health_corpus_20260429_docs_only,official_mental_health_corpus_20260429_docs_only/text/www.nimh.nih.gov/NIMH_自闭谱系障碍.txt,official_mental_health_corpus_20260429_docs_only/meta/sources_manifest.csv,official_mental_health_corpus_20260429_expanded/text/www.nimh.nih.gov/NIMH_自闭谱系障碍.txt | official_mental_health_corpus_20260429_fullscan/text/www.nimh.nih.gov/NIMH_自闭谱系障碍.txt | official_mental_health_corpus_20260429_delivery/text/www.nimh.nih.gov/NIMH_自闭谱系障碍.txt
NIMH_边缘型人格障碍.txt,txt,21550,43c8a73f7dc5aa0334632e127370319f24c0d795f8fdc7989910ba8dda8538ad,NIMH,https://www.nimh.nih.gov/health/publications/borderline-personality-disorder,美国国立精神卫生研究所官方专题页,official_mental_health_corpus_20260429_docs_only,official_mental_health_corpus_20260429_docs_only/text/www.nimh.nih.gov/NIMH_边缘型人格障碍.txt,official_mental_health_corpus_20260429_docs_only/meta/sources_manifest.csv,official_mental_health_corpus_20260429_docs_strict/text/www.nimh.nih.gov/NIMH_边缘型人格障碍.txt | official_mental_health_corpus_20260429_expanded/text/www.nimh.nih.gov/NIMH_边缘型人格障碍.txt | official_mental_health_corpus_20260429_fullscan/text/www.nimh.nih.gov/NIMH_边缘型人格障碍.txt | official_mental_health_docs_final_20260429/txt/NIMH_边缘型人格障碍.txt | official_mental_health_corpus_20260429_delivery/text/www.nimh.nih.gov/NIMH_边缘型人格障碍.txt
NIMH_进食障碍.txt,txt,18179,1a0c2ab2979e7f125d3667b4822be7f0378cb149b824773bdbf156f1ed1dbb8a,NIMH,https://www.nimh.nih.gov/health/publications/eating-disorders,美国国立精神卫生研究所官方专题页,official_mental_health_corpus_20260429_docs_only,official_mental_health_corpus_20260429_docs_only/text/www.nimh.nih.gov/NIMH_进食障碍.txt,official_mental_health_corpus_20260429_docs_only/meta/sources_manifest.csv,official_mental_health_corpus_20260429_docs_strict/text/www.nimh.nih.gov/NIMH_进食障碍.txt | official_mental_health_corpus_20260429_expanded/text/www.nimh.nih.gov/NIMH_进食障碍.txt | official_mental_health_corpus_20260429_fullscan/text/www.nimh.nih.gov/NIMH_进食障碍.txt | official_mental_health_docs_final_20260429/txt/NIMH_进食障碍.txt | official_mental_health_corpus_20260428/text/www.nimh.nih.gov/NIMH_进食障碍.txt | official_mental_health_corpus_20260429_delivery/text/www.nimh.nih.gov/NIMH_进食障碍.txt
NIMH_青少年抑郁.txt,txt,10617,00b5c87843303bed6b7e36403a99375f36661c6cf5a5e96fba28cc04bb33d258,NIMH,https://www.nimh.nih.gov/health/publications/teen-depression,美国国立精神卫生研究所官方专题页,official_mental_health_corpus_20260429_docs_only,official_mental_health_corpus_20260429_docs_only/text/www.nimh.nih.gov/NIMH_青少年抑郁.txt,official_mental_health_corpus_20260429_docs_only/meta/sources_manifest.csv,official_mental_health_corpus_20260429_docs_strict/text/www.nimh.nih.gov/NIMH_青少年抑郁.txt | official_mental_health_corpus_20260429_fullscan/text/www.nimh.nih.gov/NIMH_青少年抑郁.txt | official_mental_health_docs_final_20260429/txt/NIMH_青少年抑郁.txt | official_mental_health_corpus_20260428/text/www.nimh.nih.gov/NIMH_青少年抑郁.txt | official_mental_health_corpus_20260429_delivery/text/www.nimh.nih.gov/NIMH_青少年抑郁.txt
WHO_精神障碍事实表.txt,txt,16124,49b191cc0dbb7e18b0f807eb94f273f0beef35dc10ae54d9f262caecd7f8cb77,WHO,https://www.who.int/news-room/fact-sheets/detail/mental-disorders,世界卫生组织官方事实表,official_mental_health_corpus_20260429_docs_only,official_mental_health_corpus_20260429_docs_only/text/www.who.int/WHO_精神障碍事实表.txt,official_mental_health_corpus_20260429_docs_only/meta/sources_manifest.csv,official_mental_health_corpus_20260429_expanded/text/www.who.int/WHO_精神障碍事实表.txt | official_mental_health_corpus_20260429_fullscan/text/www.who.int/WHO_精神障碍事实表.txt | official_mental_health_corpus_20260428/text/www.who.int/WHO_精神障碍事实表.txt | official_mental_health_corpus_20260429_delivery/text/www.who.int/WHO_精神障碍事实表.txt
NIMH_ADHD基础.txt,txt,26840,4ea374692bbad1154ccba46f4496a99f0981c409fa65d981a24c181a088663fe,NIMH,https://www.nimh.nih.gov/health/publications/attention-deficit-hyperactivity-disorder-adhd-the-basics,美国国立精神卫生研究所官方专题页,official_mental_health_corpus_20260429_expanded,official_mental_health_corpus_20260429_expanded/text/www.nimh.nih.gov/NIMH_ADHD基础.txt,,official_mental_health_corpus_20260429_fullscan/text/www.nimh.nih.gov/NIMH_ADHD基础.txt
NICE_PTSD.txt,txt,4486,7e357931f75fd43613ffce8d37002e319c48fdfa81d7cffa92fdbfc058964b0d,NICE,https://www.nice.org.uk/guidance/ng116,英国 NICE 官方指南页,official_mental_health_corpus_20260428,official_mental_health_corpus_20260428/text/www.nice.org.uk/NICE_PTSD.txt,,
NICE_成人抑郁治疗与管理.txt,txt,5077,7260859c80c592f76fb8a0b9df3c72c6d34919c60800a4a6f8d434565f23cc3d,NICE,https://www.nice.org.uk/guidance/ng222,英国 NICE 官方指南页,official_mental_health_corpus_20260428,official_mental_health_corpus_20260428/text/www.nice.org.uk/NICE_成人抑郁治疗与管理.txt,,
NICE_社交焦虑障碍.txt,txt,4585,8e72e0e8fe54063a2b6599c205de1fd7eb7dae2bf7bfcb51bcd385f51983a17f,NICE,https://www.nice.org.uk/guidance/cg159,英国 NICE 官方指南页,official_mental_health_corpus_20260428,official_mental_health_corpus_20260428/text/www.nice.org.uk/NICE_社交焦虑障碍.txt,,
NICE_自伤评估与管理.txt,txt,4989,62551a1ae14007190409cace3a781a0eb9b0e1c0ffd9908b3606ec479ec410fe,NICE,https://www.nice.org.uk/guidance/ng225,英国 NICE 官方指南页,official_mental_health_corpus_20260428,official_mental_health_corpus_20260428/text/www.nice.org.uk/NICE_自伤评估与管理.txt,,
CDC_青年自杀预防机会_PDF.pdf,pdf,39125,4eb187970fec8939ca6def0c16d2dec5c91b2d290161ca5175f68f32e831c90b,CDC,https://stacks.cdc.gov/view/cdc/94162/cdc_94162_DS1.pdf,CDC Stacks 官方 PDF,official_mental_health_corpus_20260429_delivery,official_mental_health_corpus_20260429_delivery/direct/stacks.cdc.gov/CDC_青年自杀预防机会_PDF.pdf,official_mental_health_corpus_20260429_delivery_direct_batch_sources.csv,
CDC_心理健康状况与照护_213_PDF.pdf,pdf,518705,2ce690e6424967cd36cc36354b90f26a1588648b928bd09174ee281c49b26f29,CDC,https://www.cdc.gov/nchs/data/nhsr/nhsr213.pdf,CDC NCHS 官方 PDF,official_mental_health_corpus_20260429_delivery,official_mental_health_corpus_20260429_delivery/direct/www.cdc.gov/CDC_心理健康状况与照护_213_PDF.pdf,official_mental_health_corpus_20260429_delivery_direct_batch_sources.csv,
