User,Post,Label
user-0,😔💪✨🙏😊,0
user-1,"😔💪🌟,💀🕳️⚠️😭😔,💀🔪⚠️🕳️😰,😊💪✨🌟,💀⚠️🕳️😭🧠,😔💪✨🌟,😔💔😢,💀😔🕳️⚠️😭",2
user-2,"💀🕳️🚨😭⚠️,⚠️🕳️😰,💀⚠️🕳️😭😔,😔💔😢",3
user-3,"💀⚠️🕳️😔💔,😔💔😢💪✨,💀⚠️😔💪✨,💀⚠️🕳️😭💊",4
user-4,"😊😌💪,😔💔😌,💀😰🕳️😭⚠️,😔💔😢,💀😭⚠️😔💔,😊💪🌟",2
user-5,"💀⚠️😭🔪🩸,😔💔🕳️😭⚠️,💀⚠️🚨🕳️🔪,😊😌💪,💀🔪⚠️😭,😔😩😞,😔💔😢,🔪⚠️🕳️💀,😔💔😢,😔💔😞,⚠️😰😔💔🕳️,🚬😔⚠️,😔😢😞,🩸🔪💀⚠️😭,💀🕳️😭⚠️,😔💬🤔,😔💔😢,😔😞😖,💀🕳️😭⚠️,💀🕳️⚠️😭,😔😞😩,💀😰🕳️😭⚠️,😔💔😞🕳️,😔💔😢,😔💔😢,😔💔😢,😔💔😢",0
user-6,"💀⚠️🕳️😭,💀😰⚠️😭,💀⚠️🕳️😭,😊😌💪✨🌟,😔💔😴,💀⚠️😭😔,😔💔😢,😔💔😢⚠️,😊😌💪,😔💔😢,😊😌💪,😔💔😢,😊😌💪✨🌟,😊😌💪✨🌟,😔💔😢,😊😌💪,😊😌💪,😔💔😢,😔💔😢,😔💪✨,😊😌💪,😊😌💪,😊😌💪✨🌟,😊😌💪,😊💪🌟🙏💚,💀⚠️😭😔,💀⚠️🔪😭,😔💔😢,💀⚠️😭💔😔,😔💔😢",0
user-7,"💀🕳️⚠️,😔💔😢🕳️⚠️,💀😔💔⚠️,😊😌💪,💀⚠️🕳️😭,💀🕳️⚠️,😊😌💪,😔💔😭⚠️🕳️,💀⚠️🕳️😭😔,😔💪✨,😔💔😢,😔💔😢,😔💔😢💪✨,😊✨🌟,😔💔😢,😔💔😢,💀😔⚠️😭💔,😔💔😢",2
user-8,"😔💔😢,😊😌💪✨🌟,😔💔✨🙏💪",0
user-9,"😔😰🕳️,😔😩🕳️⚠️,😔💔😢,😔💔😰⚠️🕳️",2
user-10,💀😔💔🕯️⚠️,1
user-11,"😊🤝💚,😊💪🌟🙏💚,😊😌💪✨🌟,😔😟⚠️",0
user-12,"💀🔫⚠️🕳️😰,💀🔫🚨⚠️🕳️,😔💔😢",3
user-13,"😊😌💪,💀⚠️🕳️😭🚨,😊💪✨🌟,💀🕳️😰😭⚠️,💀🕳️😰⚠️😭,😔💔😢,💀⚠️🕳️😭🚨,💀⚠️🕳️😭,😔💔😢,💀⚠️🕳️😭,😊😌💪,😊😌💪✨🌟,😔💔🙏,😔💔😢,😔💔😢,😔💔🕳️😭⚠️,💀🕳️⚠️,💀⚠️🕳️😭,😔💔😢,😊😌💪,😊😌💪,💀🕳️😭⚠️,💀⚠️🕳️😭,😔😞😖💔🕳️,😔💔😢,😔💔😢,😔🕳️💀,💔😔,💀⚠️🕳️😭🚨,😊😌💪,😊🤝💪✨🌟,😔💔😢,😔💔😢",2
user-14,"💀⚠️🕳️😭,💀⚠️😭😔,😔💪✨🙏💚,😊😌💪✨🌟",2
user-15,"😔💔😢,😊😌💪,😔💔😢,😊😌💪✨🌟,😔💔😞🕳️,😊😌💪✨🌟,😰🕳️😭⚠️,💀⚠️😭🕳️,😔💔😢,😔💔😢,😊😌💪,💀💔🩸⚠️😭,😊😌💪,😊😌💪,😊🤝💚✨🌟,😔💔😢,😔💔😞🕳️,😔💔😞,😊💪🤝,💀⚠️😭💔😿,⚠️🕳️😰😭💔,😔💔😢",3
user-16,"😔💔😢,😊😌💪,💀🕳️⚠️🚨😭,💀💊⚠️🕳️😰,💀⚠️🕳️,💀🕳️😰😔💔,💀🕳️😭😔⚠️,😔💔😢,😔💔🕳️😭⚠️",2
user-17,"😔💔😞🕳️,💀⚠️🕳️😭🚨",3
user-18,"😊😌💪,😔💔😢,💀💊🔪⚠️😭",4
user-19,"💀🕳️😭😔💔,💀🕳️😭😔⚠️,💀⚠️😭🕳️😖,😊😌✨,😔💙🌧️,😔💔😢,😔💔😢,😊😌💪,😊😌💪,😔💔🕳️,💀🕳️😭⚠️,💀💊⚠️😭😔,💀🕳️⚠️😭,😔💔😢,💀😔🕳️⚠️,😔💔😞,😔💪✨,💀⚠️🕳️,😔💊⚠️,💀⚰️😭🕳️⚠️,🕳️💀😰😭⚠️,😔💔😢,😔💔😢,😔💔😞🕳️⚠️,😔💔😢,😔💔😢,😔💔😢,😔💔😢,😔💪✨,😔🕳️⚠️,😔💔🕳️⚠️,😔💔😐,😔💪✨,😊😌💪,😔💔😢,💀🕳️😭⚠️,💀💊⚠️🕳️😰,😊😌💪✨🌟,💀🔫⚠️🚨🕳️,😔💔😢,💀🕳️⚠️,😔😴⚠️,💀🕳️😭😔🌑,😔☁️✨,😔😖😞,😔💔😢😞⚠️,💀🕳️😔,😊😌✨,❓,😔💔😞,😊😌✨,💀⚠️🕳️,💊⚠️😔🕳️,💀😰🕳️😭⚠️,💀🕳️😭⚠️,😔🕳️😭",2
user-20,"😔💔😢,😔💪✨",0
user-21,"😔💔😢😞⚠️,😔😰😣,🤔💬❓,😔💔😢🕳️⚠️,💀🕳️⚠️😔🙏,😔💔😰⚠️🕳️,😔😟😕,😔💪🙏✨,💀🕳️⚠️",2
user-22,"😔💔😞,😔❓😕,😔💔😢,💀😰🕳️😭⚠️,💀🕳️😰😔💔,😔💔😢,💀😭⚠️😔🕳️,💀⚠️🕳️😭💔,😔❓😕,😔💪🙏✨",2
user-23,😊😌💪,0
user-24,"💀⚠️😰😔💔,💀🕳️⚠️😭💊,💀⚠️🕳️,😔💔😞,😔💔😞,😔💔😞🕳️,😊😌💪,😊😌💪,💀🕳️⚠️😭😔,😔💔😢,😔💔😢,💀💊⚠️😭🕳️,😔🕳️⚠️,😔💔😞,😔🕳️⚠️,💀🕳️⚠️😭😔,💀🕳️😔💔⚠️,💀🕳️⚠️,💊😰🕳️⚠️,😔💔😢,💀🕳️😭😔⚠️",4
user-25,"💀⚠️🕳️😭,😔💔😢,💀⚠️🕳️😭,💀⚠️🕳️😭🚨,😊😌💪,😊😌💪,💀⚠️😰🕳️😭,💀🕳️😭⚠️,😔💔😢,💀🕳️😭⚠️,😔🤝💪,😔💔😢,💀🔪⚠️😭🕳️,💀⚠️🔪🕳️,💀😔🕳️💊😰,💀⚰️🕳️😭🚨,😔💔😢,💀🕳️⚠️😭😔,💀⚠️😭📞💔",4
user-26,"😔💔😢,😔💔😢,💀😭⚠️😔,😊💪🌟,😔💔😢⚠️,😊😌💪✨🌟,😊💪🌟🙏💚,😔💔😢,😔💔😢,😊😌💪✨🌟,⚠️💀,😔💔😞,😊💪🌟🙏💚,😔💪🌟,😔💔😢,😔💪✨,😊💪🌟,😊🤝🌟,😊😌💪✨🌟,😔💔😢,😊💪🌟🙏,💀🕳️😰⚠️😭,😔💔😢,😊😌💪✨🌟,😊💪🌟,😊💪🌟,😔💔😢,😊😌💪,💀🕳️⚠️😭💔,😔💔😢,😊💪✨,😔💔😢,😊💪🌟🙏💚,😔💔😢,😊💪🌟,😔💪🌟,😊😌💪,😔💔😢,😔💔😢,😊😌💪,😊😌💪✨🌟,😊😌💪✨🌟,😊💪🌟🙏🤝,😊💪🌟🙏,😔💔😢,😔💔😢,😊😌💪✨🌟,😊🤝💪,😔💪🌟,😊😌💪,💀⚠️🔫😔,😔💔😢,😊😌💪,💀🔫⚠️🕳️🚨,😔🙏💪✨,😊😌💪,😔💔😢,😊😌💪✨🌟,😊💪🌟🙏💚,😔💔😢,🤔❓😕,😊💪✨,😔💔😢,😊😌💪✨🌟,💀⚠️🕳️😭,😔💔😢,😊😌💪✨🌟,😊😌💪,😔💔😢,😊😌💪,😊😌💪✨🌟,⚠️😰😔💔,😔💔✨,😊💪🌟🙏,😔💪🌟,⚠️😰😔💔,😔💪🌟,😊💪🌟🙏✨,😔💪🌟,😔🤔😕,😊💪🌟🙏💚,😊😌💪✨🌟,😔💔😢,😊💪🌟,😔💔😢,😔💪🙏💚,😊😌💪✨🌟,😊😌💪,😊😌💪,💀🕳️⚠️😭😔,😊😌💪✨🌟,😔💪🙏,😊😌💪✨🌟,😊😌💪,😔💔😢,😔💪🌟🙏,😊😌💪,😔💔😢,💀🕳️😰😔💔,😔💔😢,😔💔😢,💀🕳️⚠️,😊🤝🌟,😊🤝💪,😔💔😢,😔💔😢,💀⚠️🕳️😭,😊💪🌟🙏,💀⚠️😭🙏💪,😔💔😢,😊🤝💪✨,😊😌💪✨🌟,😊💪✨🌟,💀⚠️🕳️😭💔,😊😌💪✨🌟,😔💔😢,😊🤝💚,😊😌💪✨🌟,😔💔😢,😊😌💪,😊😌💪,😊😌💪,😔💔😢,⚠️😔💪✨,💀⚠️🕳️😭,😊💪🌟,😔💔😢,😔💔😢,😔💪🌟",1
user-27,💀⚠️🕳️😭😔,2
user-28,"😔💔😞⚠️,😔💔😢,😔💥🔪🕳️,💀⚠️🕳️😭🧠,💀🕳️⚠️😭🧠,😊💪🌟🙏💚,💀🔫⚠️🚨🕳️,😔💔😖🕳️⚠️,😔💪✨🌟,💀😔🕳️😭⚠️,😔💔😢,💀🕳️⚠️😭😔,😔💔😢,💀⚠️🕳️😭💔,💀🕳️😭⚠️😔,😔💔😢,😔💔✨,💀⚠️🕳️😭,😠😤😤😤😤,💀⚠️🕳️😭🚨,😔💥⚠️🕳️💀,😔💔😢,💀⚠️😔💔,😔💔😢,💀🕳️⚠️😭😔",2
user-29,"😊💪✨🌟,💀⚠️🕳️😭🚨,😔💔😢,😔💔😢,😔💪✨",0
user-30,"💀🕳️⚠️,💀🕳️😭⚠️💔,💀😭⚠️🕳️,💀😔🕳️😭⚠️,😔💔🕳️😭,💀🕳️⚠️😭,💀🕳️😭⚠️😔,😔💔😢,💀🕳️😭😔⚠️,💀🕳️🚨⚠️🔪,💀😭⚠️🕳️😔,💀🕳️😭⚠️💔,💀🕳️⚠️😭🔪,💀🕳️⚠️,💀🕳️😭⚠️,💀🕳️⚠️",4
user-31,"😊😌💪✨🌟,😊😌💪,💀🕳️⚠️,😊😌💪✨🌟,😔💔😢,💀⚠️🕳️😭,😊🤝💪,😊😌✨,😊😌💪✨🌟,💀🕳️⚠️,😔💪✨🙏,😔💔😢,💀🕳️⚠️😭😔,😊😌💪",0
user-32,"😔💪✨,💀🕳️😰😔⚠️,💀😔💔⚠️🕳️,😊🤝💪,😔💔😢⚠️,😔💔😞,💀🕳️😭😔⚠️,💀⚠️😰🕳️😭,😊😌💪",2
user-33,"😔💔😢,😔💔😢,💀⚠️😔,💀🕳️😭⚠️,⚠️😰💀,😔💔😢,😔💔😖🕳️⚠️,😔😰⚠️,💀🕳️⚠️😭,😊😌💪,😊😌💪✨🌟,😊🤝💪✨🌟,💀⚠️🕳️,😊😌💪✨🌟,💀⚠️🕳️😭😔,😊😌✨,😔💔😢,😔❓🤔,😔❓🤔,😔💔😢,😊😌💪✨🌟,😔🙏💪✨,😊😌🌟,😊😌💪,😔💔😢,😔💔😢,💀😔💪✨,😔🙏🤝💚,💀⚠️🕳️🚨,💀🕳️⚠️😭😔,😔😩🕳️💤🎧,😊💪✨🌟🙏,😊😌💪✨🌟,😊🤝💚🌈✨",3
user-34,"💀🕳️😭⚠️,🕳️😰😔💀⚠️,💀😰🕳️😭⚠️,😔💔😢",3
user-35,💀😔⚠️💪✨,2
user-36,"💀😔🕳️😭⚠️,💀😔😭⚠️🕳️,💀😰🕳️😭⚠️,💀🕳️😭⚠️😔,😔💔🕳️😭⚠️",2
user-37,"😊😌💪,💀🕳️⚠️😭💊,😔😞😩💔🕳️,😔💔😢",1
user-38,"💀🕳️😭⚠️😖,💀🕳️😭⚠️🛏️,😔💔😞🕳️⚠️",2
user-39,"😔💭😕,😊😌💪,😊😌💪✨🌟,😔💔😢,😊😌💪✨🌟,😔❓🌙,😊😌💪✨🌟,😔💔😢,😔💔😢,😊😌💪✨🌟,😔💔😢,💀⚠️😭😔💪,😊😌💪✨🌟,😔💔😢,😔💪✨,😊😌💪,😔💔😢,💀⚠️😭💔😔,😊😌💪✨,😊😌💪,😔💔😌",0
user-40,😔💪✨,0
user-41,"💀⏳🚨⚠️🕳️,💀⚠️😰🕳️,💀😰🕳️😭",3
user-42,"💀🕳️😰😭⚠️,😔💔😢😞⚠️",2
user-43,"😊😌💪,😔💔😢,💀🕳️😭⚠️😔,💀⚠️🚨🕳️😭,😔💔😢,😔🕳️🌑💔,💀💊⚠️🕳️😰,💀🕳️⚠️😭🌑,😔❓🤔,💀🕳️⚠️😭,💀🕳️⚠️😭,💀🕳️💊😰🌑,💀🔪🚨⚠️🕳️,😔💔😞,😔🕳️😰,💀😭🕳️⚠️💔,💀⚠️🕳️🔫⏳,💀🕳️😭🌑,😊😌💪✨,💀🕳️😭⚠️😔,😔💔😌,💀🕳️⚠️😭📓,🤔❓🤷‍♂️,💀🕳️😭⚠️😔,💀🕳️⚠️😭🔪,💀🕳️⚠️😭💊,💀😰🕳️😭⚠️,💀🔫⚠️🕳️😰,😊😌💪,💊😭🕳️⚠️😔",4
user-44,"💀🕳️😭😔⚠️,💀😔🕳️⚠️,💀🕳️⚠️,😔💔😞🕳️,😊😌💪,💀🕳️😭⚠️😔,😔💔🕳️,😔💔😢,💀⚠️🕳️😭,⚠️💀🕳️,😊😌💪,😔💔😢,🤔❓🤷‍♂️,😊😌✨,😊😌💪,💀⚠️🕳️😭,💀🕳️⚠️😔🧠,😔💔🕳️",2
user-45,"💀⚠️🕳️😭🚨,😔💔😢,💀⚠️🕳️😭,😔💔😢,😊💪✨,😊😌💪,⚠️😰😔💔,😊😌💪✨🌟,💊🤮💀⚠️😰,😔🙏🤝,😊😌💪,😊😌💪,😊😌💪,😔💔😢,😔💔🕳️,⚠️😰🕳️😔💔,😔😢😟",2
user-46,"💀🕳️⚠️😭🌑,💀🕳️🚨😭⚠️,💀🕳️😰⚠️😭,💀🕳️😭⚠️,💀🕳️😭⚠️💔",4
user-47,"😔💔😞🕳️⚠️,💀😰🕳️😭⚠️,💀🕳️⚠️😭🚨,😊🤝🌟,😔💔😞⚠️🕳️,😔😰🕳️💸😩,💀😔💔⚠️🕳️,😔💔😞,😊😌💪,😊😌💪,😊😌💪✨🌟",2
user-48,"💀🕳️😭😔⚠️,💀⚠️🕳️😭😔,😔💔😞,😔💔😭😞🕳️,😊😌💪✨🌟,😔💔😢,💀🕳️😭😔⚠️",4
user-49,"😊💪✨,💀🔪🕳️😭,😔💔😢,⚠️😔💔😢,😊😌💪,😔💔😢,😔💔😢,⚠️💀,😔💪🌟,😔💔😕,💀⚠️🕳️😭😔,😔💪✨,😊😌💪,💀🕳️⚠️😭😔,😔💔😢,😔💔😢,😊😌💪,😔💪✨,😔❓🤷‍♂️,😔💔😞,😊😌💪,😊😌💪✨🌟,😔💔😢,😊😌💪,😊😌💪,💀🕳️⚠️😭😔,😔💔😢😞⚠️,💀💊⚠️🕳️😭,😔💔😖,💀⚠️🕳️😭🚨,🤔😔😐,😔💔😢,😔💔😢,💀⚠️🕳️😰🚨,😊😌💪,😊💪✨🌟,😊😌💪,💀⚠️🕳️😰,😊😌💪,😔💔😢,💀🕳️😰⚠️😭,😊😌💪,😔💔😢,😊😌💪,😊😌💪✨🌟,💀⚠️🕳️😭😰,😔💔😞,💀⚠️🕳️😭🚨,😔💔😢,😔💔😞,😔💪✨,😊😌💪,😔💔😞,😔❓⚠️,😊😌💪,😊😌✨,💀🕳️⚠️😭😔,😊😌💪✨🌟,😔💔😢,😔❓💭,😔💔😢,💀⚠️😰🕳️,😊😌💪✨🌟,😔💔😴⚠️,😔💔😢,😊😌🤝,😊😌💪,😊🤝🌟,😊😌💪✨🌟,😔💔😢,💀🔫⚠️🕳️,😊😌💪,😔🤔😕,😊😌💪✨🌟,💀⚠️🕳️,😊😌💪✨🌟,😔💪✨,💀🕳️😰⚠️😭,😊😌💪✨🌟,😔💔😢,😊😌💪✨🌟,😔🤔😐,😊😌✨,😊😌💪✨🌟",0
user-50,"😊💪✨🌟,😔💪✨",0
user-51,"😔💔😢,😔💔😢,😊😌💪,💀🕳️😭😔⚠️,😔💔😞,💀🕳️😭⚠️😔,💀🕳️😭⚠️,💀😔⚠️😭💔,😔💔😩💀⚠️",2
user-52,💀⚠️😭🕳️,2
user-53,"😔💔😢,😔🕳️💀,😔💔😞,😔💔😢,😔💔😢,😔💔😞,😔💔😢🕳️⚠️,😔💔😢,😔😞😖,😔💔😢,😔😢🕳️,😊😌💪,😔💔😢,😊🤝✨,😔💔😢,😔💔😢😞⚠️,😔💔😞⚠️🕳️,💊😔⚠️,😔😡😤",1
user-54,"😔💔😢😞,😔💔😢",2
user-55,"😊🤝🌟,💀⚠️😭😔",0
user-56,"😊😌💪✨🌟,😔😞😩,💀⚠️🕳️😭🚨,😔💔😢,💀🕳️😭⚠️😔",3
user-57,"💀⚠️🕳️😭,😔💔😢,😊😌💪✨🌟,😊💪🌟,😔💔😢😞🕳️,😊😌💪✨🙏,😔💔😢,💀🕳️😰😭⚠️",2
user-58,"💀😔🕳️😭⚠️,💀⚠️🕳️😭🔪",2
user-59,"😔💔😢,😔💔😢,😊😌💪,😊😌💪,😔💔🙏💪✨,😔💔😢,💀⚠️🕳️😭😔,😔💪✨,😊😌💪✨🌟,😔💔😢,💀💊⚠️😭😔,😊😌💪✨🌟,💀😔✨,😔💔😢,💀💊⚠️😔💪,😔💔😢,😔💔😢,😔💔😢,😔💔😢,😔💔😢,😔💔😴,😊😌💪✨🌟,😔💔😢,🕳️😰💀😭⚠️,😔💔😢,😊🤝💚,😔💔😢,😔💪🙏,😊💪✨🌟,😔💔😢",3
user-60,"😔💪✨,💀🕳️😰⚠️,😊😌💪,😊💪✨🌟,😊😌💪,😔💔😢,😔💔😢,😊😌💪✨🌟,😊😌💪✨🌟,😔💔😢,😊😌💪✨🌟,😊😌💪,😔💔😢,😊🤝🌟,😔💔😢,😔💔😢,😊😌💪✨🌟,😔💔😢,😔❓😕,😔💔😢,😊😌💪✨🌟,😔💪🙏,😔💔😢",2
user-61,"💀💊⚠️😰🕳️,💀🕳️⚠️,💀💊⚠️🕳️😰,😔💪✨🙏,💀🕳️😭⚠️,😤😡🤬,😔💔😢,😊💪🌟,💀🕳️⚠️😭😔",4
user-62,"💀⚠️🕳️😭🚨,😔💔😢,😊🤝💪✨,😔🙏💪,😔💔😢,💀😔🕳️⚠️💊",2
user-63,"💀⚠️🕳️😰,😊😌💪✨🌟,💀⚠️🕳️😰,😔💔😞,😊💪🌟,😔💔😢,😊😌💪✨🌟,😊😌💪✨🌟,😔💔😢,😊😌💪,😊😌💪,😊😌💪,😊😌💪✨🌟,😊😌💪✨🌟,😊😌💪✨🌟,😔💔😢,😊😌💪,😔💔😢,😔💔😢,🤔💬📩,😊😌🤝,😊💪✨,😔💔😢,💀🔫⚠️😰🕳️",0
user-64,"💀⚠️😭💔👶,🤔❓🧩,😔💔😢,😊😌💪✨🌟",1
user-65,"💀😔💔⚠️🕳️,😔💔😢,😊😌💪,😊😌💪✨🌟,💀😔💊🕯️,💀⚠️🕳️😭,💀😔💔⚠️😭,🤔😔❓,😔💔😢,😔💔😢,😔💔😢,😔💔😢,😔💔😢,😔💔😢,😔💔😊,😔💔😢,💀⚠️🕳️😔💪",3
user-66,"😔💔😢,💀🔫🩸🕳️🚨",3
user-67,"🕳️😔💀,💀⚠️🚨🔫😰",3
user-68,💀💔😭⚠️🕯️,1
user-69,"😊💪✨🌟,💀😔💔⚠️😭",2
user-70,"💀🕳️😭⚠️💊,😔💔😞,💀💉🕳️🚨💊,😔💔😡",3
user-71,"😊😌🌟,😊😌💪✨🌟,😊😌💪,😔😕🤔,😔😞😖💔😟,😊😌💪,😊😌🌟,😔💭😕,💀😰🕳️😭⚠️,😔💔😢⚠️,😊😌💪,😔💔😢,😔💔😢,😔💔😢,😊😌💪,😊😌💪,😊😌💪,💀⚠️🕳️😰,😊🤔🤷‍♂️,😊😌🌟,😔💔😢,😔❓⚠️,💔😔🙏✨,😊😌💪,😊😌💪✨🌟,😔💔😴,😔💔😢,😔💔😢,😔💔⚠️,😊😌💪✨🌟,😊😌💪✨🌟,😊😌✨,😔💔😢,💀🕳️⚠️🚨🔪,😔💪✨🙏💚,😔💔😢,😔💔😢,😊😌💪",0
user-72,"💀🕳️⚠️😭😔,😔💔😢,💀🕳️⚠️😭😔,😔💔😢",0
user-73,"😭💔🥺🙏✨,😔💔😢,💀💊⚠️😭😔",2
user-74,💀⚠️🕳️😭🚨,1
user-75,"😔💔😢🕳️⚠️,😔💔😢,😔💪✨,😔💔😢🕳️⚠️,💀🕳️⚠️😭🔪,😔💔😢,😔💪✨,😔💔😢⚠️,😊😌💪✨🌟,💀🕳️😰😔💔",3
user-76,"😔😴💔,😔💪✨,😊😌💪✨🌟,😔💀⚠️🕳️,😔💔😞,😔💪✨,😔❄️😩😞💭,😊😌💪✨🌟,😔💔😩,😔💔😩🕳️⚠️,😊😌💪✨🌟,😔💔😢,😔💔😢,💀🕳️😔⚠️😭,😔💔😞,😔💔😌,💀🕳️😭⚠️🔫,😊💪✨,😊🙏🤝💚✨,💀🕳️⚠️😭,😔💔😞🕳️⚠️,😔💭😕,😔💔😕,😊🤝🌟,😊💪✨🌟🙏,😔💔😩,😔💔😞,😔💔😞🕳️,😊😌💪✨🌟,😊😌💪✨🌟",0
user-77,"😔💔😢,😔💔⚠️,💀🕳️⚠️😭🔪,😊😌💪,😔💪🌟,💀🔪⚠️🕳️😭,😔💔😢,😊😌💪✨🌟,😔💔😢,💀⚠️🕳️😭🩸,😊😌💪✨🌟,💀🩸⚠️🔪🕳️,🕳️😰😔💔⚠️,😊😌✨,💀🔪⚠️😭🕳️,💀⚠️🕳️😭,💀🕳️⚠️😭🔪,💀🔪🩸⚠️😭,😔💔😢,😔💪✨,💀🔪😰🕳️⚠️,💀💊⚠️🕳️😰,😊😌💪,😊😌💪,😔😕😐,😔💔😢,😊😌💪,😔💔😢,😔💔⚠️,😊😌💪,😔💔😢,😔💪✨🌟,💀🩸⚠️🕳️😭,😔💔,💀⚠️🕳️😭,😊😌💪,😔🕳️⚠️,😔😕😐,💀⚠️🩸🕳️🔪,😔💔😢,💀🕳️😭⚠️,😔😟🕳️,💀⚠️🕳️😭🩸,💀🕳️😭⚠️,😔💪✨,💀🔪⚠️😭🕳️,😔💪✨,😔💔⚠️,💀🕳️⚠️,😔💔😢,💀🕳️😭⚠️,💀⚠️🕳️,😔💔😢,😔💔😢,😔💔😢,💀🕳️⚠️😭😔,💀⚠️🕳️😭🚨,💀🔪⚠️😭🕳️,💀🔪⚠️🕳️😭,⚠️💀🕳️🚨,💀🔪🕳️😭⚠️,💀🔪🕳️😭,💀🔪⚠️🕳️😭,💀🔪🕳️😭,😔💔😢,💀🔪🕳️😭⚠️,😊😌💪✨🌟,😔💔😢",3
user-78,"💀🕳️😭😔💔,😔🕳️💀",1
user-79,"😔💔😢,😊😌💪,😔💪✨,😊😌💪✨🙏,😊💪✨🌟,💀⚠️🕳️🚨,😔💔😢🏥⚠️,😔💔😢,😊💪✨🌟,😊💪✨🌟🙏,😊💪✨🌟,😔💔😢",2
user-80,"😔💔😢,😊😌💪,😔💔😢,😔💔😢,💀🕳️😰⚠️😭",0
user-81,"💀🕳️⚠️😭💊,💀😔🕳️😭⚠️,💀🕳️⚠️😔💔,😔💔😢🕳️⚠️",2
user-82,"💊🤮💀⚠️,💀🕳️😰😭⚠️",4
user-83,"💀😔🕳️😭⚠️,😔💔🕳️,💧🌬️👥,😔💔😢,😔💔😢,😔💔😢😞⚠️,😔💔😢😞⚠️,💀🕳️⚠️,😔🙏💪✨,💀😭⚠️🕳️🤰,😔💔😢,💀⚠️🕳️😭,😔😞😖,😔💔😢",2
user-84,"😔💊⚠️,😔💔😢,😊😌💪✨🌟,😔🕳️💤,😊😌💪✨,😊😌💪,😊💪🌟,😊😌💪✨🌟,😔💊⚠️,😔💔😢⚠️,😔💔😢,😔😩😞⚠️,😔💔😢,😔💔😢,💀🩸🔪😭⚠️,🤔😔❓,😔💔😢,💀⚠️😔💔✨,😔💔😢,😔💔😢😞⚠️,😔💪✨,💀🩸🕳️😰⚠️,⚠️😰😔💔,😊😌💪,😔💔😢,😔💔😞,😊😌💪✨🌟",3
user-85,😔💔😢⚠️🕳️,0
user-86,"💀🕳️😭⚠️,😔💔😢,😔💔😞,💀⚠️😔💔🙏,💀🕳️⚠️😭🧠,💀⚠️🕳️😭😔,😔💪✨",0
user-87,"💀⚠️🕳️😭,😊😌💪,😔💔😢😞⚠️,😔💔😞⚠️,💀⚠️🕳️😭💊,💀🕳️😰🔪😭,😔💔😢🕳️⚠️,😔💔😞🕳️,💀🕳️😭⚠️😔,💀😭🕳️⚠️🔪,💀⚠️🕳️😭🚨,😔😖⚠️🕳️,💀🕳️🚨😭💊,😔💔😢,😔💔😢,💀🕳️😭⚠️,💀💊😭⚠️🕳️,💀🕳️😭😔⚠️,💀🕳️😭⚠️🔪,💀🔪⚠️😭🕳️,💀💊⚠️🕳️😰,😔💔😢😞⚠️,💀🕳️😭⚠️,😔💔😢,😔💔😞⚠️,💀🕳️⚠️😭😔,💀🕳️😭⚠️,😔💔😢,💀⚠️🕳️🚨,😔😰🕳️⚠️,💀🕳️😭😔💔,😊😌💪,💀🕳️⚠️😭🔪,😔💊⚠️🕳️😵,😔😕😐,💀😰🕳️😭⚠️,💀🕳️😭😔💔,💀🕳️😰😔💊,😔😢😞,😔💔😢,💀💊🤮😞⚠️,💀🕳️😰😭⚠️,💀⚠️🕳️😭,💀⚠️🕳️😭🚨,😔💔😞⚠️🕳️,💀🔪🕳️🚨,😔💔😢,😔💔😢😞🕳️,💀😰🕳️⚠️😭,💀💊⚠️😭,💊😔⚠️,😔💔🕳️⚠️😭,💀😭🕳️⚠️🔪,💀😰🕳️⚠️😭,😔🧠🌀,💀💊⚠️😭😔,💀🔪😭🕳️⚠️,😔💔😢,😔💔😞🕳️⚠️,💀🕳️⚠️😭💊,😔💔😞🕳️,😔🕳️😰😭⚠️,😔💔😢😞⚠️,💀🕳️⚠️😭🌑,💀🕳️😰😭⚠️,😔💔😢,💀🕳️⏳😰⚠️,💀😔💔⚠️🕳️,💀🕳️😰😭⚠️,💀🔪😭⚠️🕳️,😊😌💪,🕳️😭😔💀⚠️,💀🕳️😭⚠️💊,💀😰🕳️⚠️,💀😰🕳️😭⚠️,💀🕳️⚠️🔪😰",4
user-88,"😔💔😰⚠️,😔💔😞🕳️⚠️",2
user-89,"😔💪✨,💀😰🕳️😭⚠️,💀⚠️🕳️😭😔,😔💔😢,😔🙏💪,😊😌💪✨🌟,😔💪✨🙏,😔💔🕳️😭⚠️,😔💪✨,😊😌💪,😔💪✨,😊😌💪✨🌟,💀⚠️🕳️😭,💀🕳️😭⚠️😰,😔💔😰🕳️😭,😊😌💪✨🌟,😊😌✨,💀😔⚠️,😊😌💪,😊😌💪✨🌟,😊🤝💪,💊😔⚠️,😔💔😢,😊😌💪✨🌟,😊😌💪,😔🕳️💤⚠️,😊😌💪,😊💪✨🌟,😔💔😭⚠️🕳️,😔💪✨,😔💔😢⚠️,😔💔😢,😊😌💪✨🌟,😔💔😞,😊😌💪✨🌟,😔💔😢,😔💔😞,😔💔😢,💀⚠️🕳️😭🚨,😔💔😢,💀⚠️😭💔😔,😔💔😢,😔💔😢,😔💔😢,😊💪✨,😔💪✨,😔💔😢,😔💔😢,😔💪✨",1
user-90,"😔😰⚠️,💀🕳️😰,💀😔🕳️⚠️😭,💊😰⚠️🕳️😵,💀🕳️😭😔💔,💀💊😭⚠️🕳️",3
user-91,"😊😌💪✨🌟,💀🕳️⚠️😭,😊🤝💚",3
user-92,"💀🕳️⚠️,😔💪✨,🕳️😰😔⚠️,😔💔😢,💀🕳️😰😔💔,😔🕳️⚠️,😔💭❓,💀⚠️🕳️😭,💀🕳️😭😔⚠️,💀🕳️⚠️😭😔,💀🕳️😭😔,😔💔🕳️,💀⚠️🕳️😰🚨,💀🕳️😭😔⚠️,💀🕳️😰😔💔,😔💔🕳️,💀🕳️😭😔⚠️,💀🕳️😰❓😔,😔💔🕳️,💀🔪😭⚠️🕳️,😊🤝💪,😔💪✨🙏,😔❓😕,😔💔😢,😔💔😢,😔😕😟,😊💪✨,💀🕳️😰🌑😭,🤔😔😐,😔💔😢,😔😴💭,😔🕳️⚠️,😔💔😢,💀🔪😔💔,😔💔😢,💀🔪😭⚠️🕳️,😔💔😢,🕳️😔💔😭⚠️,💀🔪🕳️😭⚠️,😌✨🌟,💀⚠️🕳️😭,😔💭❓,😊😌💪,😔🕳️😰,😔💔😢,😔💔😢,💀🕳️⚠️😭😔,😔💭🌀😴⚠️,💀🔪⚠️😭😔,💀🕳️😔💊⚠️,💀🕳️⚠️😭😔,😊😌💪",3
user-93,💀😭⚠️😔💔,2
user-94,"😭💔⚠️,💀🕳️⚠️😭💔,😊😌💪✨🌟,😔💔😢,😊💪✨🌟🙏,💀🕳️😭⚠️💔,💀🕳️😭⚠️,😔💔😢,😊😌💪✨🌟,💀⚠️🕳️😭,😔💔😢",2
user-95,"💀🕳️😭💊⚠️,😊😌💪✨🌟,😔💔😢,😔😞🕳️😭⚠️,😊😌💪✨🌟,😊😌💪,💀🔪😭⚠️🕳️,😔💪✨",3
user-96,"😊😌💪,😊😌💪,💀⚠️🕳️😭,😔💔😞,💀😔🕳️😭⚠️,💀🔪😭⚠️🕳️,😊😌💪,😔💔🕳️😭⚠️,😊😌💪,💀😔🕳️😭⚠️,😔💪✨🙏💚,😊😌💪,😔💔😰⚠️,💀🔪😭⚠️,💀⚠️🕳️,😔💔😢,💀⚠️😰🕳️😭,😊🤝💚,😔💔😢,😔💔🕳️,💀😔🕳️😭⚠️,😔💔😢,🕳️😰💀,😊😌💪,😔💔😞,💀🕳️😭⚠️😔,😔💔😢,😊😌💪,😔💔😞,💀🕳️😭😔⚠️,😔🌧️😞,😔😰🕳️,💀🕳️😭😔⚠️,😰🕳️😭⚠️,😊😌💪,😔💔😢,😔💔😢,😊🤝💪,😔💔😞,🕳️😰😔💀⚠️,😔💔😢😞🕳️,😊😌🌈",3
user-97,"😔💔😢,😊😌💪✨,💀⚠️🕳️😭😔,😔💔😢🕳️⚠️,😔💔😞,😊🙏💪,😔💔😢,😔💔😢,😊😌💪,😊😌💪,😔💔😞,😔💪✨,😔💔✨💪🌟,💀🕳️😰😔💔,😊😌💪",4
user-98,"💀😔🕳️😭⚠️,💀🔪⚠️🕳️😰,😔💔😢,💀😔🕳️,😊💪🌟🙏💚,😊😌💪✨🌟,😊😌💪,💀🕳️😭⚠️😔,😊😌💪,😊😌💪,🔪💀⚠️🕳️🚨,😭😰🕳️⚠️😔,😊😌💪✨🌟,😔💔😢,💀🔪😭⚠️🕳️,😊😌💪,💀🕳️😭⚠️😔",3
user-99,"😔💔😞,😔😟🕳️,😊😌💪,😊😌💪,😔💊😴⚠️,💀😔🕳️💔⚠️,😔💔😞🕳️,😔💔😰🕳️⚠️,😔💔🕳️😭⚠️,😔💔😢,💀🕳️😭😔⚠️,😔😞🕳️⚠️,😔💪✨,😊😌✨,😔🕳️😰💀,💀😔🕳️😭⚠️,💀🕳️⚠️😭⚰️,💀⚠️🕳️😭😔,💀🕳️😭😔💔,💀🕳️😭😔⚠️,😊✨🌟💪🌈,😔💔😞,😔💔🕳️😭⚠️,😔💔😢🕳️⚠️,😔💔🕳️😭⚠️",2
user-100,"😔💔😢🕳️⚠️,💀🕳️😭😔⚠️",2
user-101,"😔🤔😕,💀⚠️😔💔🧠,💀⚠️🕳️💊😰,💀💊⚠️🕳️😰,😔💪🌟,💀💊⚠️😔😖,💀⚠️🕳️😰❓,💀⚠️😭💔😔,😔💊😖😞⚠️,😔💔😢,😔💔😢,💀⚠️🕳️😭,😊😌💪✨🌟,💀🕳️😰😔💔,💀💊⚠️🕳️😭,💀💊⚠️😰🕳️,😔💔😕,💀⚠️😰🕳️,😔💔😢,😔❓💬,💀💊⚠️🕳️😰,💀🕳️⚠️😰🌑",3
user-102,"💀🕳️😭⚠️💊,💀🕳️⚠️😭💊,💀🕳️⚠️😭,💀🕳️⚠️😭💊,💀🕳️⚠️😭💊,💔🙏💪✨,😔💔😢,💀⚠️🕳️😭,💀🕳️⚠️😭💊,💀🕳️⚠️😭🧠,💀🕳️😭😔💔,😊😌💪,⚠️💔😔,😊🤝💪✨🌟,😔💔😢,💀😭⚠️🕳️😔,😔💔😢,💀🕳️⚠️😭💊,💀⚠️🕳️😭,💀🕳️😭⚠️💊",2
user-103,"💀⚠️🕳️😭,💀⚠️😰🕳️😭",0
user-104,"💀⚠️🕳️😭,💀🕳️⚠️,😔💔😞🕳️⚠️",1
user-105,"😔💔😢😞⚠️,💀🕳️😔😭⚠️,😊😌💪,😔💔😞🕳️⚠️,💀⚠️😔🕳️,😔🕳️💀,😔💔😢,😔💔🔪⚠️🕳️,😔💔😢",3
user-106,"😔💪✨,😔😞😖,😔😰🕳️😭⚠️,😭🩸😔⚠️🕳️,😊💪✨,😔💔😢,😔💔😢😞⚠️,😔💔😢⚠️,😊💪✨,😊😌💪,😔💔😞",2
user-107,"😔💔😢,💀💊⚠️😭😔,💀😭😔🕳️,😔💔😢,😊🤝💪✨🌟,😊😌💪✨🌟,💀⚠️🕳️😭😔,😊💪🌟🤝💚,💀⚠️🕳️😭,😊😌💪✨🌟,😊🤝🌟💪✨,😊😌💪,😔💔😞🕳️⚠️,💀😭⚠️💔,😔💔😢,😊😌💪✨🌟,😊💪🌟🙏💚,😊💪✨🌟,😊🤝💚✨🌟,😔🙏💪,💀🕳️⚠️,😊🤝💪✨🌟,💀🔪⚠️🚨🕳️,😊😌💪✨🌟,😊✨🌟💪🌈,💀🕳️⚠️😭😔,😔💔😩,💀💊😰🕳️🌧️",3
user-108,"😔⚠️🕳️😭,😔😞😖,😔😞📚,😔💔😢,😔💔😞,😔💔😞🕳️⚠️",2
user-109,💀🕳️⚠️😔💪,3
user-110,"💀⚠️🕳️😭,😔💪🌟,🚨⚠️💀🕳️,💀⚠️😰🕳️🚨,💀🕳️😭,🚨⚠️💀🕳️,😔💔😢,😊😌💪,😊😌💪✨🌟,😔💔😢⚠️,😔💪🌟,😔💔😢,😊😌💪✨🌟,😔💔😢,😔💪📞✨,😊😌💪✨🌟,😔💔😢,😔🧠💬🤗✨,⚠️💔😔,😔💔😢,💀🕳️⚠️😭🌑,😊😌💪,😊😌💪✨🌟,😊💪🌟🙏💚,😔💔😞,😔💔😢😞⚠️,😊😌💪✨🌟,💊⚠️😔💪✨,😔💔😢,💊⚠️🕳️😔,😔💔😢,💀⚠️🕳️😭,😊💪🌟,😔🤔🌌✨,😊😌💪,😊😌💪,😊😌💪✨🌟,😊🤝💚,📞💚,😊😌💪✨🌟,😔💔😢,😊😌💪✨🌟,😔💔😢,🚨⚠️,😔💪✨,😔💪🌟,💀⚠️🕳️😭,😊😌💪✨🌟,⚠️🚨💀📞,💚🙏🌟,💔😔,😔💔😢,💀🚨⚠️🩸,😔💔😢,💀⚠️😭😔,😔💪✨🙏💚,😔💔😢,😊😌💪,💀🕳️⚠️,😔💔😢,😔💔😢,😊😌💪✨🌟,💚💪,💀🕳️⚠️😭😔,😔💪✨🙏,💀⚠️🕳️😭,😊😌💪,💀⚠️😭😔💔,😊😌💪,😔💔😢,💀⚠️🕳️😭,💀🕳️😰😔💔,😔💔😢",4
user-111,"💀⚠️😭🙏💪,😔💔✨,💀🕳️⚠️,😊😌💪✨🌟",0
user-112,"😔💔😢🕳️,😔💔😞,💀🕳️😭😔💔",2
user-113,"💀🕳️😭⚠️💔,😊😌💪,😊💪🌟🙏💚,😊😌💪,😔💔❓😩🕳️,😔💔😐,😊😌💪,😔💊⚠️,😊😌💪,😔💔😢,😔💔😢,😊😌✨,😔❓🤔,😔💔😢,😔😕🤔,😔💪🌟,😊💪✨🌟,😔💔😢,😊😌💪,😔💔😢,💀⚠️😭🕳️,😊😌💪,😔❓🤔,😔💔😢,😔💔😢,😊😌💪✨🌟,😔😰⚠️,😔💔😢,😊😌💪,😔💔😢,😔💔😢,😊😌💪✨🌟,😔💪✨,😔💪✨,😊😌💪,😔💔😢,😔💔😢,🤔😔❓,😔💊💪,💀😔✨,😊😌💪,💀⚠️🕳️,😐🤔🤷‍♂️,😊💪✨,😔💔😢,😔💔😢,😔😟😖,😊💪🌟,😔💔😢,😔💔😢,😔⚠️🕳️,💀⚠️😭😔,😔💔😢,😊😌💪,😊💪✨🌟,😔💔😢,😔💔😢⚠️🕳️,😔💔😢,😊😌💪,😊😌💪,💀⚠️🕳️😭,😊😌✨,😊😌💪✨🌟,😔💔😢,😔💔😢,😔😟❓,😊😌💪✨🌟,😊😌💪✨🌟,😊😌💪,😔💪✨,💀🕳️😭😔⚠️,😔💔😢,😔😟😕,😊😌💪,😊😌💪,😊😌💪✨🌟,😔💔😢,😊😌💪,😊😌💪,😔😞😖💔🕳️,😔💔😢,😔💪🙏✨,😔💔😢,😔💔😢,😔💪✨,😔💔😢,😔💔😢,💀⚠️🕳️😭🚨,😔💔😢,😊😌💪,😔💊⚠️,😔💔🕳️,😔💔😢,😊😌💪✨🌟,😔💔😢,😔💔😢,😔💔😢",2
user-114,"💀🕳️⚠️😭😔,😔💔😞,😔💔😢,😔💔🕳️,💀🕳️⚠️,😔💔😢,😔💔😢,😔💔😢,🕳️😰😔💀,😔💔😢,💀🕳️⚠️😭😔,😔💔😢,😔💔😢,😔💔😢,😊😌💪✨🌟,😔💔🕳️😭⚠️,💀🩸⚠️😭,😔💔😢,💀⚠️🕳️😭,🤔💔❓,💀🕳️😭⚠️💔,😔💔😢😞⚠️,😊😌💪,😔💔😢,😔💔😢,😔😞😖💔😢,😊🤝🌟,😔💔😢,😔💔😢,😔💔😕,😊😌💪✨🌟,😔💔😢,😔💔😢",1
user-115,"💀🕳️⚠️😭😔,😔💔😢,😊😌💪",1
user-116,"😔😰⚠️💔🕳️,😔💔😢🕳️⚠️,💀🔪⚠️😭🕳️,💀⚠️🕳️😭,💀😔😭⚠️🕳️,😊😌💪✨🌟,😔💔😢,😊😌💪✨🌟,💀😔💔⚠️,😔💔😢,💀🕳️😭💊⚠️,💀🕳️😭😔⚠️,💀😰🕳️😭⚠️,💀😭⚠️😔,💀😭🕳️⚠️😔,😔💔😢,😔😖😞💔⚠️,😔💔😢,😔💔😢,😔💔😢",2
user-117,"😔💔😢,😊😌💪,😊✨🌟,😔💔😢,😊😌💪✨🌟,😊🤝💪,😔💔😢,😊😌💪✨🌟,💀⚠️😰😔💔,😊😌💪✨🌟,😊🤝💪,😔💔😞,💀⚠️🕳️,😔💔😌,😔💪✨,⚠️💀😔🙏,😊😌💪,😊😌✨,😊😌💪,💀⚠️🕳️😭,😊😌💪,😊😌💪✨🌟,😊🤝💚,😊🤝💪,😔❓😕,🚨⚠️,😔💔😢,💀🔫⚠️😰🕳️,😊😌💪,😔💔😢,😔💔😢,😔💔😢,⚠️🕳️😔💔,😊😌💪,😊😌💪✨🌟,😔💔😢,😊🙏🤝💚,😊😌💪,😔💪✨,⚠️💀,😊😌💪✨🌟,😊😌💪,💀⚠️😭😔,😔💔😢,😊😌💪✨🌟,😔💔😢,😊💪🌟,😊😌💪,😔💔😢,😊😌💪,😔💪✨🙏💚,😊😌💪,😊😌💪,😔💔😢,😔💔😢,😔💔😢,💀⚠️🕳️😭,😔💔😞,😊😌💪,😊🤝💪,😊😌💪✨🌟,😊😌💪,😊😌💪✨🌟,😊💪🌟,😔💔😢,😊😌💪,😊🤝💪,😊🤝💚,😊😌💪",2
user-118,"💀⚠️😭😔💔,😊😌💪✨🌟,😊🌈💪✨",1
user-119,😔💔😢,0
user-120,"💀🕳️😭⚠️,💀💔😔",1
user-121,"💀🕳️⚠️,😔💪✨,💀⚠️🕳️😭,😊😌💪,😔❓🤷‍♂️,😔😞😖,😔💔😞😩⚠️,😔💔😞🕳️,💀🕳️😰😔💔,😔💔😞",2
user-122,"😔💔😢,💀😔🕳️😭⚠️,😔🕳️💀⚠️😭,😔😞😖🕳️⚠️,😔💔😞,😔💔😖💀⚠️",2
user-123,"😔💔🕳️⚠️😭,💀🕳️😭⚠️💊,😔💔🕳️😭⚠️,😔💔🕳️😭⚠️,😔💔😩😞😖,💀😔🕳️😭⚠️,😔💔😞🕳️⚠️,😔🙏🤝,😔💔😢,💀🕳️😭😔⚠️,💀😰🕳️😭⚠️,💀😔🕳️😭⚠️",3
user-124,"😔🤝💪,💀😔🕳️💔⚠️,😔💔😢🕳️⚠️,😔💔😢,😔💔😢,😔🕳️⚠️,😔💔😢😞⚠️,😔💔😞,💀🕳️😭😔⚠️,💀⚠️🕳️😭😔,😔😞🕳️😭⚠️",4
user-125,"😔💔😰⚠️,😊😌💪✨🌟,😊😌💪✨🌟,😔😟😖,😔😢😞,😔💔😢,😔💔✨🙏,💀🕳️⚠️,💀⚠️🕳️😰💣,😔💔🕳️,😔⚠️🕳️,😊😌💪✨🌟,😔💔😌,😔💔😢,😊😌💪,😊😌💪,😔💔😢,😔💊⚠️🕳️😵,😊😌✨🌟🙏,😊😌💪,😔💊⚠️💔😢,😔💔😢,😔💔😢,😊😌💪✨🌟,😔💔😢,⚠️💀,😔💔😢,😔💔😢,😔🕳️💀,😔💔🕳️,😔💊😖😞💪,😊🤝🌟,😔💪✨,😔💔😢,😔😰⚠️,💀⚠️🕳️,😔💔😢,😔💔😢🕳️⚠️,😔💔😞🕳️⚠️,😔💔😞,😔💊⚠️🧠⚡,😔💊⚠️,😊😌💪,😔💊⚠️,😊😌💪✨🌟,😔💊⚠️,😔💔😞,😔💊💪✨,💀⚠️🕳️🧠🔬,😊😌💪,😔💀⚠️,😊😌💪,😔💔😢,😊😌💪,😊😌💪,😔💔🕳️😭⚠️,😊😌💪,😔💔😢,😔💊😩💔⚠️,😔😰⚠️,😔🕳️💀,😔💔😢,😊😌💪✨🌟,😊😌💪,😔💔😢,😔💔😢,😔💊⚠️,💀⚠️😭💔😔,😔😞😖,😔💪✨,😔💔🙏,💀⚠️🕳️,😊😌✨,😔💔😢,😔💊⚠️,😔😩🕳️⚠️,😔😐😕,😊😌💪✨🌟,😔💊⚠️,🤔🔍🧩,😊🌈🤝💪✨,😔💔😢,😔🕳️😭⚠️,💀🕳️⚠️😭💊,😔💔😞,😔💔😢,😔💔😞🕳️⚠️,😔💔😢,😔🕳️💀,😔💔😢,😔💊⚠️,😊😌💪,😔💔😢,😔💔😢⚠️,😊😌✨,😔💔😢,😔😩😞,😔💔😢,😔💔😢,😊😌💪,😔💊🧠💔⚠️,💊⚠️🕳️😔🧠,😔💊😞⚠️,😔💔😢,😔💔😢,😊😌💪,😔💪✨",2
user-126,"😔💔🕳️,😔💔😢,😔💔😖,😔💔😢,⚠️😰😔,😔💔😢,😔💔😢,😔💔😞🕳️⚠️,💀🕳️😭😔💔,😔😩😕,💀🕳️😭😔⚠️,😔😞😖💔🌧️,😔💔😢,😔💔😢,😔😖💔,😔💔😢,😊😌💪,😔💔😞,💀🕳️😭⚠️,😔💔😢⚠️🕳️,😔💔😞,😔💔😞,💀🕳️😭😔⚠️,😔🤔💔,💀🕳️⚠️😭,😔💔😢,💀😔🕳️⚠️😭,😔💔😞😩🕳️,💀😔🕳️😭⚠️,😔💔😢,😔💔❓🕳️⚠️,😊😌💪✨🌟,😔😟😖,😔😟😕,😊😌💪,😊😌💪",2
user-127,"😔💔😞⚠️,💀😰🕳️😭⚠️,💀😔🕳️😭⚠️,😔💔😢,😊😌💪,😔💔😢🕳️⚠️",2
user-128,"😔💔🕳️,😔💔😢,😔💔😢,😊😌💪,💀💊⚠️🕳️😰,😔🧠🌀🧘‍♂️💡,💊⚠️😰😔💔,😔💔😢,😔💔😢,😊😌💪✨🌟,😔💔😢,💀😰⚠️🕳️😵,💊⚠️😰😔💔,😊😌💪✨🌟,😊😌💪✨🌟,😊😌💪,😊💪🌟🙏💚,😔❓⚠️,😔💔😢,😔💪🌟,💀⚠️🕳️😭🧠,😔💔😢,😔💔😢,😔💔😞,💀💊⚠️😭😔,😔😰💔,😔💪✨🙏💚,😊😌💪✨🌟,💀🕳️⚠️😔💔,😊😌💪✨🌟,💊⚠️😰😔💔,😔💔😢,😔💔😕,😔💔😢,😊😌✨,😔💪🌟,😔💔😢,😔💔🕳️💊⚠️,😊😌💪,😔🤔😕,😊😌💪✨🌟,😔💔😢,😊😌💪✨🌟,😔💔😢,😊😌💪✨🌟,😔💔😢,😔❓⚠️,😊😌💪,😊😌💪,💊💀⚠️😰🕳️,😔💔😢,😔💔😢,😊🤝💪,😊😌💪✨🌟,😔💪✨,⚠️💀🕳️🚨,😔💔😢,😔🕳️😭⚠️,😔💊⚠️,😔💪✨,😊😌💪,💀🕳️😭😔💔",1
user-129,"💀⚠️🕳️😭😔,😔💔😢,💀🕳️😭⚠️,💀🕳️🕯️🙏☁️,😔💔😢",2
user-130,"😔💔😢😞⚠️,😔💔😢,😔💔😢🕳️⚠️,😔💔😢🕳️⚠️",2
user-131,"😊🤝💪,💀⚠️🕳️😭🚨,😔⚠️,😊😌💪,😭💔😔⚠️🕳️,😊💪🌟🙏💚,😊💪🌟,😊🤝💪,💀🔪😰⚠️😭,😊😌💪✨🌟,💀🔫⚠️😰🕳️,😔💊⚠️,😔💔❓,😔💔😢,😔💊⚠️,😊😌💪,😔💔😢,😊😌💪,💀😭🔪😔🕳️,💀🩸🔪⚠️🕳️,💀🔪💧🧊😭,💀💊🔪😭⚠️,💊😔⚠️,😊💪✨🌟,💀⚠️🕳️,😔💊⚠️,😊😌💪,😔💪✨,😔💔😢,😔💔😢,😊💪🌟,😊😌💪,😊😌💪,😊😌💪✨🌟,💀⚠️🔫😰🕳️,😔💔😢,😔💪🌟,😔💔😞🕳️⚠️,😊😌💪✨🌟,😔💔😢,💀🔪😭⚠️,💀⚠️😭😔💔,😊✨🌟,😔💪✨,😔💔😢,😊😌💪,😊😌💪",3
user-132,💀⚠️🕳️😭🚨,0
user-133,"😔💔😢,😔⚠️🕳️,💀⚠️🕳️😭😔,😔💔😢,😔💔😢",3
user-134,"😊🙏✨,💀🕳️😭⚠️😰",3
user-135,"😔💔😞,💀🕳️😭⚠️,😔💔😞,😊😌💪✨🌟,😔💔😢,😊😌💪,💀😔⚠️,💀🕳️⚠️😭🧠,😊😌🌈",2
user-136,"💀⚠️🕳️,💀💊🩸⚠️🕳️,💀🕳️😰😭⚠️,💀⚠️🕳️😰🚨,😊😌💪,😊🤝💪,💀⚠️🕳️,😊😌💪,😔💔😢,😔💔😢,😊😌💪,💀🕳️⚠️,😔💔😢,💀⚠️🕳️😭🚨,💀⚠️🕳️😭,😔💔😢,😔💔😢,💀⚠️🕳️😭,😔💔😢,😊😌💪,💊🤮⚠️😰💀,⚠️🕳️💀,😔💔😢,😊😌💪✨🌟,💀⚠️🕳️😭🚨,😔😴🛏️,💀🕳️⚠️,😔💔😢⚠️,💀⚠️🕳️😭,💀😭⚠️💔😔,😊😌💪,😔💔😢,💀😔💔⚠️🕳️,💀⚠️🕳️😭,😔💪🌟,⚠️🕳️💀,😊😌💪✨🌟,💀😔⚠️,💀⚠️🕳️,😊😌💪,💀🕳️😭😔⚠️,😠😡😤💥🔥,😔💔😞⚠️,😔💔😢,😔💔💀⚠️,⚠️😰🕳️,💊😰🕳️😔⚠️,😔💔😢,💊⚠️💀",3
user-137,"💀⚠️🕳️😭,😊🤝💪,😰😔💔⚠️,😊🤝💪✨🙏,😊🤝💚✨,💀🕳️😭⚠️,😔💔😢,😊🤝💚,😔💔😢,😔💪🙏,😔💔😢,😔😟😕,😔💔😩⚠️🕳️,😔💔😢,😔💪✨,😊😌💪,😔💔😢,😔💔😢,😊😌💪,😔💔😢,😔💔😢,😊😌💪✨🌟,😊😌💪,😔💪🌟🙏😊,😊😌💪✨🌟",1
user-138,"😔💔😢,😔🕳️⚠️,😔😕💔,💀🕳️😰🌑😭,😔❓🥺,😊😌💪,😔💔🙏,😊😌💪,😊😌💪✨🌟,😟⚠️😔,😔💔😢,😊😌💪,😊😌💪,😔😴😕,😊😌💪✨🌟,😔💔😞,😊😌💪✨🌟,😊😌💪,😔❓⚠️,😔💔😴✨,😔💊⚠️,😊😌💪,😔🙏💪,😊😌💪,😔💔😢,😊😌💪,💀🕳️😭⚠️,😔💔😢,💀🕳️⚠️😭🚨,😊😌💪,😊😌💪,😔💔😞,😔😟😕,😔😰🕳️😭⚠️,😊😌💪,😊😌💪✨🌟,😊😌💪,😊😌💪,😔💔😢,😊😌💪✨🙏,😊😌💪,😔⚠️💔😢,😊😌💪✨🌟,💀🕳️😭⚠️,😊😌💪✨🌟,😔💔😢,😔😢😞,😔🙏💪✨,😔💔😢,😔💔😢,😔☹️😕,💀⚠️🕳️😭,😔💔😢,😔😕⚠️,😔💔😞🕳️⚠️,😔💔😢,😊😌💪✨,😔❓⚠️,😔💔😢,😔💔😢,😔💔😢,😊😌💪✨🌟,😔😴💬,😊🤝💚,😊😌💪✨🌟,😔💊⚠️,😔💔😢,😔💔😢,😔💔😢,😊😌✨,😔💔😢,😔💔😢,😔🤔😕,😔💔😢,😔💔😢,💀⚠️😭😔,😔💔😢,😊🤝💪,😔💔😢,😊😌💪,😔😢😟,😔🙏💪,😊😌💪,💀⚠️🕳️😭🚨,😔💔😢,😔❓⚠️,😊😌💪✨🌟,😔😢😖,😊😌💪,😊😌💪,😔💔😢,💀⚠️😭🕳️,😊😌💪,😊😌💪,💊😔⚠️,😔😴💤,😔💔😢,😔💔😢,💀💊⚠️😰🕳️,😔💔😩😞⚠️,😔😕🤷‍♂️,😔💔😢,💀🕳️😭⚠️,😔💔😢,😊😌💪✨🌟,😔💔😢,😟💔🕳️,😔😢⚠️,😔❓⚠️,😔💔😢,😔💔😢,😔💔😢,😊😌💪,😊😌💪,😊😌💪,😊😌💪✨🌟,😔😢😞,😊😌💪,😊😌💪,😊🤝💚,😊😌💪,😔💔😢,😊😌💪,😊😌💪✨🌟",0
user-139,"😔❓⚠️,💀🕳️😰😔💔,😔❓⚠️,😔💔😢,💀🕳️😭⚠️,💀⚠️🕳️😭😔,💀🕳️⚠️😭😔",2
user-140,"😊😌✨,💀🕳️⚠️,😔💔✨💪🌈,😊😌💪,😊💪✨🌟🙏,😔💔😢,😊😌💪,😔💔😢",0
user-141,"💀🕳️😭⚠️🔪,💀😭⚠️🕳️😔,💀🕳️😭😔💊,😔💔😢,💀🕳️😰😭⚠️,💀😭⚠️😔💔",2
user-142,"😔💔😢,😔💔😢,😔💔😢😞🕳️,💀🕳️😰😔💔,😊😌💪✨🌟,😔💔😢,😔💔😞⚠️💊,😔💔😞,😔💔😢,😔💔😢,😔💔😌,💀🔪🕳️😭⚠️,😊😌💪,💀⚠️😰🕳️😭,😔💔😞,🔪😭⚠️😔💔,😔💔😞⚠️🕳️,😔💔😢,💀🕳️😰⚠️😭,😔💔😢,💀⚠️😰🕳️😭,💀🕳️⚠️😭📅,😔💔😢,💀⚠️🕳️😭😔,😔❓⚠️,😔💔😢,💀🔪⚠️😭,😔💔😞,😊😌💪",4
user-143,"😊😌💪✨🌟,😊💪✨🌟,😔💔😢,😔💔😢,😊😌💪✨🌟,😊💪✨🌟,🤔❓,😊😌💪✨🌟,⚠️💔😔,💀😔💔⚠️,😊😌💪✨🌟,💀🕳️⚠️,😔💔😢,😔💪✨,😔💔😢😞⚠️,😔💔😢,😊💪✨",2
user-144,"💀😔🕳️😭⚠️,😔💔🕳️😭⚠️,💀🕳️⚠️😭,😠😤🤬💥💢,💀🕳️😭😔💔,😔💔😢,😔😞💔,💀🕳️😭😔💔,😔💔😢,😔💔😢😞🕳️,💀🕳️😭⚠️😔,💀🕳️😭⚠️,😔💔😢",3
user-145,"😔💔😢,😊😌✨🌟🌈,😔😰🕳️😭⚠️,😔💔😢,😔💔😩😞🕳️",1
user-146,"😊😌💪,😔💪✨🌟,😔💔😢,😔💔😢,😔💔😢,💀🕳️⚠️😭🧠,😔💔😢,😔💔😢😞⚠️,💊🕳️⚠️😭💀,😔💔😢,😔💊⚠️,😔💔😢,😊😌💪,😔💔😢,😊😌💪✨🌟,💊💀⚠️😰🕳️,💀💔😔🕳️,😔💔😢,😊😌💪,💀⚠️🕳️😭🚨,😔💔😢,😊😌💪✨🌈,😔💔😞⚠️,😔💔😢,😔🕳️💀,⚠️😰🕳️😔💔",1
user-147,"💀🕳️⚠️😭💪,💀🕳️⚠️😭,💀🕳️🚨💊😴,😊😌💪✨🌟,😔💔😢,💀⚰️💊⚠️,😔💔🕳️😭⚠️,😔💔😢😞⚠️,💀⚠️🕳️,💀🕳️😭⚠️,💀🕳️⚠️,💀⚠️😰🕳️😭,💀🕳️😭⚠️,💀🕳️😭⚠️,💀⚠️🔪🕳️,💀🕳️😭⚠️😔,💀🔪💊⚠️😭,😔💔😰⚠️🕳️,💀💊😭⚠️🕳️,😔💔😢⚠️🕳️,💀⚠️🕳️😭,😔💔😢,💀🕳️😭⚠️😖,💀⚠️🕳️🚨😭,💀🕳️😭⚠️,💀⚠️🕳️😰🚨,💀🕳️⚠️😭🔪,💀⚠️😰🕳️😭,💀⚠️🕳️😭🚨,😔🙏💪,😔💔😢,💀⏳🕳️😭,💀⚠️🕳️😭🚨,😔💔😢,💀🔫⚠️🕳️😭,💀🕳️🚨💊😭,😔💔😢,💀⚠️🕳️😭,🕳️😰💀,💀😭⚠️🕳️😔,😔💔😢,😊😌💪,😔😞🕳️,💀🕳️😭⚠️🚨,💀🕳️😭⚠️😵,💀⚠️🕳️😭,😔💔😢⚠️,💀🕳️😭⚠️😖,😰💀,💀🕳️⚠️😭💊,😊🙏✨,💀⚠️🕳️😰🚨,😔😞😖🕳️,💀🕳️😭⚠️😔,💀⚠️🕳️😭💔,💀⚠️😰🕳️🏥,💀🕳️😭⚠️,💀🕳️😰😔⚠️,💀⚠️😰🕳️😭,😊😌🌈,💀💊🚨😴⚠️,💀🕳️⚠️😭⚰️,💀🕳️⚠️😭🛏️,😰⚠️🕳️😭💀,😊😌💪,💀💊⚠️😵🕳️,😔😰⚠️,😔💔😢,💀😔🕳️😭⚠️,💀⚠️🕳️😭,💀🕳️⚠️,🤔❓😐,💀⚠️🕳️,😊😌💪,💀🕳️😭⚠️,😔🕳️😭⚠️,😊😌💪,💀🕳️😰💊⚠️,💀🕳️😭⚠️,💀🕳️😰⚠️😭,💀⚠️🕳️😭,😔🍻🥴⚠️,💀🕳️⚠️,😔😰🕳️⚠️,💀🕳️😭⚠️,💀🕳️⚠️,😭😔💔🕳️⚠️,😔💔😰⚠️🕳️,💀💊🔪🚨🕳️,💀🕳️😭⚠️,💀🕳️😭💔⚠️,💀🕳️😭⚠️,💀⚠️🕳️😭,💀😔⚠️🕳️😭,😔💔😢,💀⚠️🕳️😭,💀⚠️🕳️🚨🔪,💀⚠️🕳️🔪🏨,💀💊🕳️😭⚠️,💀🕳️⚠️,💀🕳️😭⚠️😖,😔💔",4
user-148,"😔💊⚠️,😔💔😞🕳️⚠️,⚠️🕳️💀,💀🕳️😭😔⚠️,💀🕳️😭😔⚠️,💀💊⚠️,💀💊🔪🕳️🚨,😔💔😞,😔💔😞,💀🕳️😭⚠️😔,💀🕳️😰😭⚠️,😔💀🕳️,😔💔🕳️,😔💔😞🕳️⚠️,💀🕳️😭😔⚠️,😔💔😞🕳️⚠️,😔💔😢,😔💔😢,💀💊🕳️😭⚠️,🖤🥀😔🕳️💀,💀⚠️🕳️😭,💀🕳️😭💊⚠️,💀🔪😭⚠️🕳️,💀🕳️😭⚠️🩸,💀😔💔✨,😔💔😢🕳️⚠️,💀🕳️😰😔⚠️,💀🕳️😭💊😔,😔💔😢,💀💊⚠️🕳️😭,😔💔😞,😔💔😢,💀🔪🕳️😭⚠️,😊😌💪,💀🕳️😭😔💔,💀🕳️😭😔⚠️,😔💔😢🕳️⚠️,💀🕳️😭⚠️💔,😔😞🕳️,😔💔😢😞⚠️,💀🕳️⚠️🍺😰,😔💔😢,😊😌💪✨🌟,💀🌑🕳️😭⚠️,😔😞😖,💀🕳️😭🔪⚠️,😊😌💚,💀🕳️😭😔💔,💀🔪🚨😭⚠️,😔😩💀,😔🕳️💀,💀💊🕳️😭🚨,😔💔😞,💀🕳️😭😔💔,💀🕳️😰😭🌑,🤔❓🤷‍♂️,😔😕🤷‍♂️,💀🔪😭😔⚠️,😔💔😢😞⚠️,😔💔😢,😔💔😢,💀🔪😭⚠️🕳️,😔💔😢,😔💔😞🕳️,😔💔😢,😊😌🌟,💀🕳️⚠️,😔💔🕳️😭⚠️,😔💔😕,💀🕳️😭⚠️,💀🕳️😭😔⚠️,😔💔😢,😔💔😞🕳️,😔😞😖,💀🔪😭🕳️⚠️,💀💊🚨🕳️😭,💀⚠️🕳️😭🚨,💀🕳️😭😔💔,😔💔😞,💔😔🕳️😭⚠️,💀🕳️😭⚠️🌑,💀🕳️⚠️😭💊,💀🕳️😭⚠️,😔💔😢,💀🕳️😭😔⚠️,😔😞😖,💀🕳️😭😔💔,😔🌀😵,💀🕳️😭💊⚠️,😔💔🕳️😭⚠️,🕳️😭😔⚠️💀,💀🕳️😭😔⚠️,😔💔😞🕳️⚠️,😔💔😢😞🕳️,💀🕳️😭⚠️🌑,💀😔💊🕳️⚠️,💀🕳️😭⚠️😔,😔😞😩,😔💔😢,😔💔😢,😔💔😢,😔💊⚠️,💀💊🚨🕳️😭,💀😰🕳️😭⚠️,😔💔😖🕳️⚠️,😔💔😢🕳️⚠️,💀🕳️⚠️😔💔,💀⚠️🕳️😭,😔💔🕳️😭⚠️,😔💔😢,💀💊🕳️😭⚠️,😔💔😢,😔💔😢,😊😌💪,💀🕳️😭⚠️,💀🕳️⚠️😭🔪,💀🕳️⚠️,😔💔😢,💀🕳️😰😔😭,💀🕳️😭😔⚠️,😔💊⚠️,💀🕳️😰😔😭,💀🕳️😭⚠️,💀😔🕳️😭⚠️,💔😔🕳️😭⚠️,😔💔😡,😔💔🕳️😭⚠️,😊😌💪,😔💔😢,😔💔😢,😔💔😢🕳️⚠️,😔💔🕳️😭⚠️,😔💔😞🕳️⚠️,💀💊⚠️😭🕳️,💀🕳️😭⚠️😔,💀🕳️😭⚠️,😊🌈🤝,💀🔪🚨⚠️🕳️,😔💔🕳️😭⚠️,😔💔😞⚠️,💀🕳️😭😔💔,💀💊🔪🕳️🚨,💀🩸⚠️🕳️😭,😔💔😰⚠️🕳️,😔💔😢🕳️💊,💀🕳️😞,😔💔😢,💀💊🚨😭🕳️,😔💔😞🕳️⚠️,😔😞😖,💀🕳️😭😔💔,💀🔪🕳️😭,😊😌💪,😔💔🕳️😭⚠️,💀🕳️⚠️,😔💔😞🕳️,😊😌💪✨🌟,🕳️💀😰💊⚠️,😔💔😞,😔💔😞🕳️⚠️,😔💔😢,😔🌞😩,💀🕳️😭😔💔,💀🕳️😭😔💔,💀😭🕳️⚠️😔,😔💔😢,😔💔😩🕳️⚠️,😔😞😖💔⚠️,😔❓😕,💀🕳️😭😔💔,😊🤝💚,💀😔🕳️😭⚠️,😊🤝💚,💀🕳️😭😔💔,😌😔💊,💀🕳️😭🔪⚠️,💀💊😭⚠️🕳️,💀🕳️😭🔪⚠️",3
user-149,"😔💔😢,😔💪✨,😊😌💪",1
user-150,"😊😌💪,😔💔😢,😔😞😖,😔💪✨,😔💔😢,😔💔😢,😊😌💪✨🌟,😊😌💪,😔💔🕳️😭⚠️,😔💔😢,😊😌💪,😔💔😢,😊😌💪✨🌟,😊💪✨🌟,😔💔😢,😔💪✨,😔💔😢,😔💪✨🙏💚,😔💪✨,😊😌💪✨,😊😌💪✨🌟,😔💔😢😞,😔💔😌✨,😔😢😟,💀⚠️🕳️😔😴,😊🤔💬,😔💔😢😞⚠️,😔💔😢,😊😌💪,😊😌💪,😊💪🌟,😔😟😕,😔💔😕,😔💔😢,😊😌💪,😔💔😢,😔💔😢,😔💔✨,💀😔⚠️,😊💪🌟,😔😕🤷‍♂️,😔💔😢,😔💔😢,😊😌💪,😊😌💪,😔💔😢,😔💪✨,😊😌💪,😊😌💪✨🌟,😔😞😖💔😢,😊😌💪✨🌟,😊😌💪,😊💪✨,💀⚠️🕳️😭,😔💔😢",0
user-151,"😔💔😢,😊😌💪✨🌟,💀⚠️😭😔💔,😔✨💪,😊😌💪✨🌟,😊💪🌟,⚠️🕳️💀,💀🕳️⚠️😭🚨,💀🕳️😭😔💔,💀⚠️🕳️😭,😊😌💪✨🌟,😊😌💪✨🌟,😔💔😢,😔💔🕳️,😔💔😢,😔💔😢,😊😌💪,😔💔😢,😔💪✨,😔💔😢,💀🕳️😭😔⚠️,😔💔😢,😔💔😢,😊😌💪✨🌟,😔💔😢,😊😌💪✨🌟,😊😌✨,😊😌💪✨🌟,💀⚠️🕳️😭,😔💔😢,😊😌💪,💀🕳️⚠️,😔💔😢,💀⚠️🕳️😭🚨,😔💔😢,💀🔪⚠️😭🕳️,💀🕳️😭⚠️,💀🕳️😭⚠️,😊😌💪✨,💀⚠️🕳️😭😔,💀🕳️😭⚠️,😊😌✨,😔💔😢,😊😌💪,😔💔😢,💀⚠️🕳️😭,😔💔😢,😔💔😢,😔💔😢,😔💔😢,😔💔😢",1
user-152,😔💔😢,1
user-153,"😔😰⚠️,😔💔,😔😢😟💔😞,😊🤝🌈,⚠️😰😔💔,😊😌💪,😔💔😢😞⚠️,💀⚠️🔪😭",2
user-154,"😔😕😐,😊💪🌟,😔💔😢,😊😌💪,😊😌💪,😔💔😢,😔💔😢😞⚠️,😊🕷️🐾💚,😊😌💪,😊😌💪,😔💔😢,😊😌💪✨🌟,😊😌💪,😊😌💪,😔💔😢,💀🔪🩸⚠️🕳️,😭💔🙏😊✨,😔💪🙏✨,😊😌💪,😔💔😰🕳️😭,😔💔😢,😊🤝💚✨🌟,😊💪🌟,😔💔😢",1
user-155,"😔😞😩🕳️,😔💔😞🕳️,😊😌💪,😔😞😩,😔💔😞,😔🧠⚠️,💀🕳️😭😔💊",1
user-156,"🕳️😰💔😭,💀🕳️⚠️😭🌑,💀😔⚠️💔✨",3
user-157,"😊😌💪,😊😌💪,😔💔😢,😔💔😢,😔💔😢,😔💔✨,🕳️😔💔,😊💪✨,😊😌💪✨🌟,😊😌💪✨🌟,😔💪🌟🙏,😊😌💪✨🌟,😔💔😢,😊😌💪✨🌟,😔💔😢,😊😌💪,😊😌💪✨🌟,😔😴💔,😊😌💪✨🌟,😔💪✨,😔💔😞,😔💪✨,😊😌💪✨🌟,😔💔😢,😊🤝💚,😊😌💪,😊😌💪,😊💪✨🌟🤝,😔💪🌟,😔💔😢,😊😌💪,😔💔😢,😊😌💪✨🌟,💀⚠️🕳️😭,😊💪🌟🙏💚,😊😌💪✨🌟,😊😌💪✨🌟,😊😌💪✨🌟,😔💔😢,😊😌💪,😔💔😢,😊😌💪,😊😌💪,😊😌💪✨🌟,😊😌💪✨🌟,😔💔😢✨🌟,😊😌💪✨🌟,😊😌💪,😊😌💪✨🌟,😊😌💪✨🌟,😔💔😢,😊🤝💚,😊💪🌟,😊😌💪✨🌟,😊💪✨🌟,😊😌💪✨🌟,😔💔😢,💀🕳️😰😔💔,😊💪🌟🙏💚,😊😌💪,💀⚠️😭💔😔,😊😌💪✨🌟,😔💔😢,😔💔😢😞⚠️,😊😌💪✨🌟,😊🤝💪,😊😌💪✨🌟,😊😌💪,😊😌💪✨🌟,😊😌💪✨🌟,😔💔😢,😔💔😢,😊😌💪,😊💪✨🌟🙏,😔💔😢,💀⚠️🕳️😭,😊😌💪,😊😌💪✨🌟,😔💪🌟,😔💔😢,💀⚠️🕳️😭😔,💀⚠️🕳️,😔😴💔,😊😌💪,😊💪🌟,😔💪✨,😊😌💪,😊😌💪,😔💔✨,😔💔😢,😊😌💪✨🌟,💀⚠️😭😔💔,😔💪✨,😊😌💪✨🌟,😊😌💪,😔💔😢,💀😔💔⚠️,😔💔✨,😊🤝💪✨,😊💪✨🙏🌈,😔💔😢,😊💪🌟🙏💚,😔💪✨,😊😌💪✨🌟,😔💔😢",0
user-158,"😔💔😞,💀💊🔫⚠️😰,😔💔😞⚠️",2
user-159,"😔💔😢,😔💔😢,😔💔😢,😔🤔😕,😔🕳️💀",1
user-160,💀⚠️😰🕳️😭,2
user-161,"😔💔😢,😔💔😢,💀🕳️😭😔⚠️,😊😌💪,😔💔😞,😊😌💪,😔💔😢,😔💔😩🕳️⚠️,😔💔🕳️😭⚠️,😔💔😢,😔💔😢🕳️⚠️,😔💔😞🕳️⚠️,😔💔😞🕳️⚠️,💀😰🕳️😭⚠️,😊😌💪,😔💔😖🕳️⚠️,😔😞😩💔🕳️,💀🕳️😭😔⚠️,😔💔😞🕳️⚠️,😔😰⚠️🕳️😭,💊⚠️😔🕳️😵,😊🤝🌟,😔😢😞,😔😞😖,😔😢😞,😊🎉🌟,😔💔😞😩🕳️,😔💔😢,😔💔😢,😔💔😢,😔💔😞😖😩,😰💀⚠️😭,😔💔😞🕳️⚠️,😔💪✨,💀🕳️😰😔💔,😔💔😞,😔💔😞,😔💔😢,😔💔😢,😔😞⚠️,😔💔😞,😔💔😢🕳️⚠️",2
user-162,"😔💔😢,😊😌💪,💀⚠️🕳️😭🚨,😔💔😢,😔💔😢,😔💔😢,😔💪✨🌈,😊🤝💚,💀⚠️🕳️😭🚨,💀🕳️⚠️,💀⚠️🕳️😭,💀⚠️🕳️😭💊,💔😔,💀⚠️🕳️🚨,😔😕😟,😔💔😢,😔💊⚠️,💀⚠️🕳️😭,😊😌💪,😔💪🌟,💀🕳️⚠️😭😔",0
user-163,😊💪✨🤝💚,0
user-164,"😔💔😢,🕳️💀⚠️,😊😌💪,😔💔😢,😊😌💪,😔💔❓,😊😌💪,😔💔😢,😔💔😢,😔❓🕳️,😔💔😢,😊😌💪,😊😌💪,😊🌈💪✨🙏,😊😌💪💚✨,😔💔😢,😊😌💪,😊😌💪,😔💔😢,😔💔😢,😔💔😢,😔💔😢,🤔❓🤷‍♂️,😔💔😢,💀⚠️🕳️😔💪,😔💔😢,😔💔😢,💀⚠️🕳️,💀🕳️😭😔⚠️,😊😌💪✨🌟,😔💔😞,😔💔😢,😔💔😢,😔💔😞,😊💪🌟🙏💚,😔💔😢,😔💔😢,😔💔😢,😊😌💪,😔💔😢,😊🤝💪✨,😊😌💪,😊🤝💚,😔❓⚠️,😊😌💪✨🌟,😊😌💪✨🌟,😊😌💪,😊😌💪✨🌟,😔💔😢,😔💔😢,😔💔😢,😔💔😢,😊😌💪✨🌟,😊😌💪✨🌟,😊😌💪,😔💪✨,😔💔😢,😔💔😢,😊😌💪,😔😞😖💔😟,😔❓😕,😔💔😢,😔💔😢,😔☹️😕,😊😌💪,😔💔😢,😊😌💪,😊😌💪,💀⚠️🕳️😭💔,😊😌💪✨🌟,😔💔😢,😔💔😢⚠️🕳️,😔💔😢,😊😌✨,😊😌💪,😔🤔😕,😔💔😢,😊💪🌟🙏✨,😔💔😢,😊😌💪,😔💔😢,😔💪✨🙏,😔😕🤷‍♂️,😊💪✨🌟,😊😌💪,😊😌💪✨🌟,😔💔😢,😔💔😢,😔💔😢,😊😌💪,😊🌈💪✨🌟,😔❓🤷‍♂️,😊😌💪,😔💪🙏,😔💔😢,😔💔😢,😔💔😢,😊💪✨🌟,😔❓😕,😔💔😢,😔💔😢,😊😌💪✨,😊😌💪,😔💔😊,😔💔😢,😊😌💪,😔💔😢,💀⚠️🕳️😰❓,😔💔😢,😊😌💪,😔💔😢,😊😌💪",1
user-165,"😊😌💪✨🌟,😰😔💔⚠️,💀⚠️🕳️😭,😔💔😢,😔💔😢",0
user-166,💀⚠️🕳️😭😔,4
user-167,"💀🕳️😰😔❄️,💀🕳️⚠️😭😔",0
user-168,💀🕳️😭⚠️🩸,2
user-169,"😊😌💪✨🌟,💀🕳️😭⚠️😔,😔💔😢,😔💔😢,😊💪✨🌟,😔🧠✨💪🙏,😊😌💪✨🙏,😊💪🌟,😔💪✨,😊😌💪✨🌟,😊😌💪✨🌟,😔💔😢,😊😌💪,😔💔😢,😊💪✨,😊🤝🌟",0
user-170,"😔💔😞⚠️🕳️,😊😌💪,😔💔😢,😔💔😖🕳️⚠️",1
user-171,"😔💔😢🕳️,😔🕳️⚠️,😔💔😞⚠️",1
user-172,"😔💔😢,😔💔😢,😔😢😞",2
user-173,"😔💔😢,😔⏳😞,😔💔😢,😔💔😢,😔💔😢😞⚠️,💀😰🕳️😭⚠️,💀😰😔⚠️,💀😰🕳️😭⚠️,😔💔😢,😔💔😢,😔💔😢🕳️⚠️,😔💔😢⚠️🕳️,😔💔😢,😔😞😖,😊😌💪,😔💔😢,😊😌💪✨,😔💔😢,😔💔😢😞😭,😊😌💪,😔💔😢,😭😔💔⚠️🕳️",2
user-174,"😔💪✨🙏💚,😔💔✨💪🌟,💀🕳️😭⚠️,😊😌💪,😊💪🌟,😊💪✨🙏💚,😔💪✨🙏💚,😔💔😢,😊💪🌟🙏💚,😔💪✨🙏,😔💪✨🙏💚,😊💪✨🌟,😔💔😢,😔💪🌟,😊😌✨,💀🕳️😭⚠️,😊💪✨🌟,💀⚠️🕳️😭😔,😔💪✨🌟🙏,😔💔😢,😔💔😢,😊🤝💪,😊😌💪✨🌟,😊😌💪✨🌟,😔💪✨🙏💚,😊💪✨🌟🙏,😊😌💪,😊😌💪✨🌟,😔💪✨🙏💚,😔💔😢,💀🕳️😭🚨,😔💪🌟🙏💚,💀🕳️⚠️😭😔,😔💪✨,💀⚠️😔🙏💪,😊💪🌟🙏💚,💀📞😭💔✨,😊😌💪,💀📞😔🛌✨,😊💪✨🌟🙏,😔💔😢",3
user-175,"😔💪🌟,🚨⚠️💀😵,😔💔😞,😔💔😞🕳️⚠️,😔💔😢,😔💔😢,😔✨🌌😌,😔💔😢,💀😔💔⚠️,😊😌💪,😊😌💪,😊✨🌟,😊😌💪,😔💪✨🙏💚,😔⚠️🕳️,😔💔😢,😔💔😢,😊😌💪✨🌟,😔💔😢,💀😰🕳️😭⚠️,😔💔😢,😔💪✨🙏,😊😌💪✨🌟,😊😌💪,😔💔😢,😊🤝💪,😔💔😢,💀🕳️⚠️😭😔,😊😌💪,😔💔😢,😊😌💪✨🌟",1
user-176,"😔💔😢😞,💀🕳️⚠️,😊😌💪,😔😢💔😭,💀🕳️😭⚠️,😔🌿✨,😔💔😢,😔💔😖😞⚠️,😔💔😢,😔💔😢😞,😔😢😞,😔💔😞,😔💔😞,😔💔😢😞,💀💊⚠️😭🕳️,😔💔😢🕳️⚠️,😔💔😕,😊😌💪,😔💔😢💊⚠️,😔💔😢,😔💔😢,😔💔😢,😔💔😢,😔💔😞,💀😰🕳️😭⚠️,😔💭🤷‍♀️,😔💔😢,😔💔😩😞🕳️,😔💔😢,😔😟😖💔😢,😔💔😢,😔💔😢😞⚠️,😔😔😔,😊😌💪✨🌟,😊😌💪,😔💔😖,😔💔😢😞⚠️,💀🕳️⚠️😭😔,💀🕳️⚠️,😊😌💪,😔💔😢,😔💔😢,😊😌💪,😔💔😢,😔💔😢,😔💔😢😞⚠️,😔💔😢😞⚠️,😔💔😢,💀😭🕳️⚠️😔,😔💔😖😞⚠️,💀🕳️⚠️,😊😌💪,😔💔😢😞⚠️,😔😞😖💔🌿,😔💔😢,😔😞🕳️,😔⚠️🕳️,😌😊💪✨🌈,😔😰💔,😔🙏💪,😔💔😢,😔🤔😐,😔😕💭,😔😢😞,💀⚠️🕳️😭,😔⚠️🕳️,😊😌💪,😔💔😢,😔💔😢,😔💔😢,😔💔😢,😔💔😢,😔💔😢,💀⚠️🕳️😭,😔💔😢😞🕳️,😔💔😢,😔💔😢😞",3
user-177,"💀🕳️😭😔💔,💀🕳️😰⚠️😭,💀⚠️🕳️😭🚨,💀😭🕳️⚠️😔",2
user-178,"😔💔😢,😔💔😢,😊😌💪✨🌟,😔💔😢,😔💔😢,😔💔😢,😔💔😢,😊😌💪✨🌟,😔💔😢,😔💔😢,😔💔😞😩🕳️,💀🕳️😭😔💔,😔💔😢,😔💔😢",2
user-179,"😔💔😞🕳️,😊🤝💪✨🌟,😊😌💪✨🌟,😔💔😢,😔😊😌,😊🤝💚,😔💔😢,😔💔🕳️,😊🤝💚,😊😌💪✨🌟,😔💔😢⚠️,😔💔⚠️,💀⚠️🕳️😭,😔💔😢,💀🕳️⚠️,😊😌💪✨🤝,💪✨🌟,💀🕳️😭⚠️,😔💔😢⚠️,😊😌💪✨🌟,😊🤝💚,😔😴😖,😔💔😢🤝✨,😔💔😞🕳️⚠️,😔💔😢,😔💪✨,😊😌💪✨,😔💪✨,😔💔😢,😔💔😢,😊😌💪,😔💔😢,😔💔😢,😔💔😢,😔💪✨",2
user-180,"😔💔😢,💀😰💊🕳️🚨,😔💔😡,💀⚠️🕳️🔪,😔💪✨,😊💪✨🌟🌈,😊😌💪✨🌈,😔💔😢,🩸⚠️🏥💔,💀⚠️🕳️😭😔,😊😌💪,😊😌💪,😔💔😢,💀⚠️😭🕳️,😔💔😢,😊💪✨🌟💚,😔💔😢,😔💔😢,💀⚠️😭🕳️🎸,💀⚠️🕳️😭,😊😌💪✨🌟,😔😟💔,😔💔🥺⚠️,😔💔😢",2
user-181,"😔💔😢,😊😌💪,💀🕳️😰😭⚠️,😔💔😢,😊😌💪✨🌟,💀🕳️😰😔💔,💀⚠️🕳️😭,😔💔😢,😊😌💪✨🌟,😔🕳️😞,💀⚠️🕳️😭😔",2
user-182,"😊🤝💪✨,💀🕳️😭⚠️😔,💀💊⚠️😭🕳️,😊💪✨🌟🙏,😔💔🕳️😭⚠️,😔💔😢,😔💔😢😞⚠️,💀🕳️⚠️😭🌑,😔💔😢😞🕳️,⚠️💀🕳️😭,😔💔😢,😔💔🕳️😭⚠️,💀🕳️😭⚠️,😔💔😞🕳️⚠️,😊😌💪,😔💔😢,😔💔😩,😔💔😞🕳️,💀🕳️😰😔💔,😔💔😢,😊😌💪✨🌟,💀😔⚠️😭🕳️,😔💔😢,😔💔😌,😊😌💪,😊😌💪✨🌟,😔💔😢,😔💔😢,💀🕳️⚠️😭",3
user-183,😔💔😢,0
user-184,"😊😌💪,😊🤝💚,😊🤝💚,😊😌💪,💀😔🕳️⚠️😭,😊😌💪,😔💔😢,😔💔😢,💀⚠️😰🕳️😭,😔💔😢,😊😌💪,😊💪🌟,😔🤔😴,😊😌💪✨🌟,😔💔😢,😔💔😢,💀⚠️😰🕳️😭,😊😌💪✨🌟,💀🕳️⚠️😭😔,😔❓🤷‍♂️,😊😌💪✨🌟,😊😌💪✨🌟,😊🤝💪,😊🤝💪",2
user-185,"😔💔😢,😔😞😖,😔💔😞🕳️⚠️",1
user-186,"😊🌈💪✨🙏,😊😌💪✨🙏,😔🙏💪,😔💔😢,😔💔😢,😊😌💪✨🌟,😊😌💪✨🌟,😔💔😢,😔💔😢,😔💪✨,😊😌💪✨🌟",1
user-187,"😰⚠️😔💔,😔💔😢⚠️🕳️,😔💔😞,😔💔😢,💀😰🕳️😭⚠️,😔💔😢,💀🔪😭⚠️🕳️,💀😰🕳️😭⚠️,💀🕳️😰😭⚠️,🕳️😰💀😔⚠️,😔💔😢,😔💔😰🕳️❓,😔💔😢🕳️⚠️,😔💔😢😞🕳️,😔🕳️😭💔⚠️,😔🕳️💔😞⚠️,💀💊⚠️😭,😔💔😢😞⚠️,😊😌💪✨🙏,😔💔😢😞🕳️,💀🔪😭⚠️🕳️",3
user-188,"🤔📊❓,😔💔😢,😔💔😢,😔💔😢,💀🕳️⚠️😭🌑,💀⚠️🕳️,💀🕳️⚠️",2
user-189,"💀🕳️😭,😊😌💪✨🌟,😔❓🤷‍♂️,💀😔💪✨⚠️,💀🕳️😭⚠️🌑,😔💔😢,😔💪✨🙏💚,😔💔😢⚠️🕳️,💀🕳️💧😰⚠️,😊😌💪,😭😔💔⚠️🕳️,💀🕳️😰😔💔,😊😌💪,😔💔😢,😔💔😢,😔💔😞,💀💔🕳️😭⚠️,😔💔😢,😔💔😢,😔💔😢,💀💔😔⚠️,😔❓💛,💀⚠️🕳️😭,😔💔😢,😔💪✨🙏💚,💀🕳️⚠️😭🌑,💀🕳️😭😔⚠️,😔❓🤔,😊😌💪,😊🐾🌈,😟❓😔,😔🤔⚠️,💀⚠️🕳️😭,💀⚠️😰🕳️😭,💀⚠️🕳️😭,😔💔😢😞⚠️,💀⚠️🕳️,😔💔😭⚠️🕳️,😊😌💪✨🌟,😔❓🤷‍♂️,😔💔😢😞🕳️,😔💔😢😞🕳️,😔💔😢,😔💔😢,😊😌💪,😔💔🕳️😭⚠️,😊💪✨,😔💔😢,💀💊🏥😵,😔💔😢,😊😌💪,😊😌💪,💀🕳️⚠️,😊😌💪✨🌟,😊😌💪,💀⚠️😭😔💔,💀🔪🕳️😭⚠️,💀🕳️😭⚠️😔,😔💪✨,😊💪✨🌟💚,😔💪✨,😔💔😢,😔💔😢,😔💔😢,😊😌💪,😊😌💪✨🌟,💀🕳️🌑😭⚠️,😔💔😢,😔💔😢,😊😌💪,😔💔😞",1
user-190,"💀😰🕳️😭⚠️,💀😭🕳️⚠️💔,😊😌💪✨🌟,⚠️😔,😔💔😢🙏💪,💀😔😭⚠️🕳️,😔💊⚠️",2
user-191,"😊🤝💪,💀🕳️😭😔💔",0
user-192,"💀⚠️🕳️😭,💀⚠️🕳️🚨,😔💔😢😞⚠️,💀🕳️😭😔,💀⚠️🕳️😭🔪,😔💔😢⚠️🕳️,💀🔪⚠️😭,😔💔🕳️😭⚠️,💀💊🔪😴⚠️,😔💔😢,😔💔😖,😔💔😞,😔😞😖,😔💔😢,😔💔😞🕳️⚠️,💀🔪🕳️😭",4
user-193,"💀⚠️🕳️😭,💀🔫⚠️😭,😊😌✨",0
user-194,"😔💪🌟,😔💪✨,😊😌💪,😔💔😢,😔💔😢,🕳️😰💀,💀🕳️⚠️",1
user-195,"💀🕳️😭😔💔,😔💔😢🕳️⚠️,💀🔪⚠️😭😔,💀⚠️🕳️😭,😔💔⚠️,💀🕳️😭😔💔,💊😔⚠️,💀🕳️😭😰⚠️,⚠️🏥💊😔",3
user-196,"😔😞😖,💀🕳️😭⚠️,💀🕳️😭⚠️,😔💔😕,💀🕳️😭⚠️,💀🕳️😭⚠️,💀🕳️😭⚠️,💀😔🕳️😭⚠️,💀🔪🕳️😭,💀🕳️😭😔💔,😔😡😤,😔💔😢,💀⚠️🕳️😰🔪,💀🕳️⚠️,😔💔😞,💀🔪😭⚠️🕳️,💀🕳️😭⚠️😖,💀😰🕳️😭⚠️,😔😞🕳️,💀🕳️😰😭⚠️,😊😌💪,💀🕳️😭⚠️",3
user-197,"😔💔😢,💀🕳️⚠️😭,😔😟💔,💀⚠️🕳️😭,💀⚠️🕳️😭💔,💀😔😭⚠️🕳️,😊😌💪,⚠️💀🕳️,😊😌💪✨🌟",1
user-198,😊😌💪✨🌟,0
user-199,😊😌💪✨🌟,2
user-200,"💀⚰️😭💔⚠️,💀💊⚠️🕳️😰",3
user-201,"😊😌💪,😔💔😞⚠️🕳️,😔💔😩,😔💔😢,💀😭⚠️🕳️😔,😔💔😩,💀🕳️😭😔⚠️,💀😰🕳️😭⚠️,💀😔🕳️😭⚠️,😔💔😢,😔💔😢,💀🕳️😭⚠️,😊😌💪,😔💔😢",2
user-202,"💀⚠️🕳️😭,😊😌💪✨🌟,😔💔😢",0
user-203,"😊😌💪✨🌟,⚠️😰🕳️💀,😔💔😢⚠️🕳️,😔💔😢,😔😰🕳️⚠️,😔😞😖🕳️⚠️,💀⚠️🕳️😭,💀💊⚠️😭😔,💀🕳️😭⚠️😖,💀🕳️⚠️😭💊,💀🔪⚠️🕳️🚨,😊😌💪✨🌟,😔💔🕳️,💀⚠️🕳️😭🚨,😔💔😢✨🌟,😔💔😢,😊😌💪,😊😌💪,💀🕳️😭⚠️,😔💔😢⚠️🕳️,😊😌💪✨🌟,😔💔😖🕳️⚠️,💀😔⚠️🕳️😭,😔💪✨,😔💔😢,💀🕳️⚠️😭💊,😔💔😢,😔💔😢,😔💔😢,😔💔😢,💀🕳️⚠️😭😔,😔💔😢,😔💔😢⚠️,😔💔😢,💊⚠️😰😔🧠,😔💔😢,💀🕳️😭⚠️,💀🕳️😭😔⚠️,💀💊⚠️🕳️😰,😔💔😢,😔😐⚠️,😔🕳️😰💔⚠️,😔💪✨,😔💔😢,💀💊⚠️🕳️😭,😊😌💪,😔💔😢,😔😕🤔,😔💔😢,😔💔😢,😔💔😢,💀⚠️🕳️😰💊,😔💔😞⚠️🕳️,😊💪🌟,😔💔😢🕳️,😊😌💪✨🌟,😊😌💪✨🌟,😊😌💪,😔💔😢,😔💔😢,😔🤔⚠️,😔💔😢,💀🕳️😭😔💔,😊😌💪,😔💔😞,😊😌💪,🤔💭❓,💀🕳️😭⚠️😖,😔💔😢💀⚠️,😔💔😢🕳️🦋,😊😌💪✨🌟,💊😰⚠️😔💔,🔪💀⚠️🚨🕳️,😔😞😖💔🕳️,💀🕳️😭⚠️😔,😊😌💪,💀⚠️🕳️😭,😔💔😢😞⚠️,😔💔😢⚠️🕳️,😔💔😞🕳️⚠️",3
user-204,"😔💪✨🙏💚,💀🕳️😭😔💔",2
user-205,"💊⚠️🕳️😔🌀,💀🕳️😭⚠️😔,💀😭⚠️🕳️💊,💀🕳️⚠️,😔💔🕳️,💀🕳️😭⚠️,😔💔😢,💀💊⚠️😵🩸,💊⚠️🕳️💀😰,😔💔🧠⚠️💀,💊⚠️🕳️,💀😔🕳️😭⚠️,😔💔😢,😔💔😰⚠️🕳️,💀😭⚠️😔💊,😔💔😢,💀🕳️⚠️😭💊,💀🔫💊🚨😵,💀😔💊⚠️🕳️,😔💔😞,💀🕳️⚠️,💀🕳️😰💊⚠️,😔💪✨,💀💊⚠️,💀🕳️⚠️😭🔪,💀🕳️⚠️,💀🕳️⚠️💊😭,😔💔😢,😊😌💪",3
user-206,"😔💔😢,💀🕳️⚠️😭🩸,💀💊⚠️😭🕳️,💀🕳️😭⚠️,💀😰🕳️😭⚠️,😔💔😢,💀🕳️😰😔💔,😔💔😢⚠️,😔💔😢,😔💔😢,😔💔😢,💀🕳️⚠️,😔💔😢,😊😌💪,😔💔😞,😔💔😢,😔💔✨,💀😔🕳️😭⚠️,😔💔😢,💀😔🕳️😭⚠️,💀🔪🕳️😭,💀😰🕳️😭⚠️,😔💔😢,😔💔😢,💀⚠️🕳️😭🧠,😔💪🙏✨,😊😌💪,😊😌💪,😔💔😢,😔💔😢,😊💪✨,😔💔😖⚠️🕳️,😔💔😢😞⚠️,😔💔🕳️😭⚠️,😊😌💪,💀⚠️😰🕳️😭,😔💔😢,😔💔😢,😊😌💪,🩸⚠️💀😭,😔❓⚠️,😊😌💪,😊😌💪,😔💊⚠️,💀🕳️⚠️,😊😌💪,⚠️😔📞💚,😔💔😢😞⚠️,💀🕳️😰😔⚠️,😊😌💪✨🌟,😔💔😢😞⚠️,😔💔😢,😊😌💪,😔💔😢🕳️⚠️,😔💔😢,😔💔😢😞⚠️,😔💔😢,💀🕳️😭⚠️😔,😔💔😢,😔💔😢😞🕳️,😔💔😢",0
user-207,"😔💔🕳️,💀😔🕳️😭⚠️,😔💔😢,😔💔😢,💀😔🕳️💔⚠️,💀⚠️🕳️,😔💔😢,💀🕳️😭😞⚠️,💀🕳️😭⚠️😔,😔💔😢,💀🕳️😭⚠️,💀🕳️😭⚠️💔,💀😔🕳️😭⚠️,💀🔪💊🕳️🚨,😔💔🕳️😭⚠️,💀😭🕳️⚠️😔,💀⚠️🕳️😭",3
user-208,"😊😌💪✨🌟,😔💔😢,😔💔⚠️,😔💪🌟,😊😌💪✨🌟,😔💪✨,⚠️😰💀🚨,😊🤝💪,🤔❓🔍,😊😌💪✨🌟,😊😌💪,😊💪✨,😊😌💪✨🌟,😊😌💪✨🌟,😊😌💪✨🌟,😔💔😢,😔💔,😔💔😢,😊😌💪✨🌟,😊😌💪✨🌟,😔💪✨,😊😌💪✨🌟,💊⚠️😔💪✨,😊😌💪,😔💔😢,😔💔😢,😊😌💪,😔💪🙏,😊😌💪,😊💪✨,😔💔😢,😔💔,⚠️🚨🏥😵,😔💪✨,😊😌💪✨🌟,😔✨🌟,😊😌💪✨🌟,😔💔😢,😊😌💪,😊😌💪✨🌟",0
user-209,"😔💪✨🙏,💀⚠️😔💔",0
user-210,"💀⚠️😰💔😔,😊😌💪,💊⚠️😔,😔❓⚠️,😊😌💪,😔💔✨,😔😕😐,😔💔😞,💀🕳️⚠️😭🌑,💀😭⚠️🕳️,😊😌💪,💀😔🕳️😭⚠️,😔💔😢,😔😐😕,🤔📚🔍,😊😌🙏,😔💔😢,😔💔😢,💀🕳️🚨😭⚠️,😔😞😖,😔❓⚠️,⚠️🕳️💀,💀⚠️🕳️,😊😌💪,💀🕳️⚠️😭🌑,😔💔😞🕳️⚠️,😔💔😞,😔💔😞🕳️⚠️,😔❓⚠️,😊😌💪,💀🕳️😭😔⚠️,⚠️😔🕳️,😔💔😢,😔💪✨,😊😌💪,💀🕳️😭😔💔,😊😌💪,😔💔😞,💀🕳️😭⚠️,💀🕳️⚠️😔💔,💀🔪🚨⚠️😭,😊😌💪,😔💔😢,😔😞😖,💀🕳️😭😔⚠️,😠😤🤬💥💢,😔💔🕳️😭⚠️,🤔❓️,💀🕳️🌊😭⚠️,😔😞😕,😔💔😢,💀😰🕳️😭⚠️,😔💔😢,💀⚠️😰🕳️😭,💀😔🕳️😭⚠️,😔💔😢,😔😕🤔,😔💔😰⚠️,💀🕳️😭⚠️,😔😟🕳️,😊😌💪,😔💔😢,😔💔😞⚠️,😔💔😞🕳️⚠️,😊😌💪,😔😕🤷‍♂️,😔😢😞,💀😭🕳️⚠️😔,😔💔😢,😔💔😢,😔💔🕳️😭⚠️,😔💔😞🕳️,😔💔😢,💀🕳️⚠️😭,💀😔🕳️⚠️😭,😔💔😢,😊😌💪,😔💔😢,💀🕳️😭,😔💔😞,😔💔😞,😔😞😖,😔😰⚠️🕳️,💀😔🕳️⚠️😭,💀🕳️😭😔⚠️,😔😕🤔,😔💔😢,😔😡😤,😔💔😞,💀⚠️🕳️,💀🕳️😭😔⚠️,😔💔😢,😔😢😞,⚠️😰💀🕳️,😔💔😞⚠️🕳️,😔💔😢,🤔💭❓😔⚠️,😊🙏✨,😔💔😢⚠️🕳️,😔💔😢,🕳️😭😔⚠️,💀🕳️⚠️😭🌅,😊😌💪,💀🕳️⚠️,😔💔😢,😔💔😞,😔😞😖,😔💔😢,😔😞😩,😔💔😢,😊💪✨,💀⚠️🕳️😰🚨,😔💔😢,😊😌💪,💀⚠️🕳️😭🔫,💀⚠️🕳️,😔💊⚠️,😔💔😞🕳️⚠️,😔💔😞,💀⚠️🔪😡💥,😔🤔😕,😔😞😖🕳️⚠️,😔😕😐,💀😔🕳️😭⚠️,😔🙏💪,😔💔😞🕳️,😔😞💔,💊⚠️😰,💀🕳️😭⚠️,😔🙏✨,😔💔😢,💀🕳️😭😔💔,😔⚠️🕳️",3
user-211,"😔💔😢,😊😌💪✨🌟,😔💔😢,😔💔😞🕳️,⚠️💀😔🙏,😔💔😢,😊😌💪,😊💪🌟,😊🤝💚,😊😌💪✨🌟,💀😔⚠️💔🕳️,💀⚠️😭😔💊,💀⚠️🕳️😭😔,💀⚠️🕳️😭🚨",1
user-212,"💀🕳️⚠️,😔💔😢,😔😕☹️,🚨🚑⚠️,😊🌈💪✨🌟,💊😰🕳️😔⚠️,😔💔😢,🚨⚠️💀🕳️,💀⚠️🕳️😭💔,😔💔😢,😔💔😢,😔🤔😕,😔🕳️⚠️,😔💔😢,💀😔💔⚠️🕳️,😊😌💪,💀🕳️😭⚠️😔,😔💔😢,💀😰🕳️😭⚠️,😔💔😢,😔💔😢,😊😌✨,😔💭🕳️⚠️,😔💔😢",2
user-213,"😊😌💪✨🌟,😊😌💪✨🌟,🤔❓😐,😊😌💪,😔💔😢,😔💔😢,😔🤔🤝,💀🕳️😭⚠️,😊😌💪✨🌟,😊🤝🌟,😔😴🍽️,💀⚠️🕳️😭,💀⚠️🕳️😭,😔💔😢,😔💔😩😰⚠️,😔💔😢,⚠️😰🕳️🚨,💀🕳️😭⚠️,😊🌈🌟,💀🕳️⚠️😭😔,🤔💬❓😔⚠️,😔💔😞,😊🤝🎸✨,😔💔😢,😊😌💪✨🌟,😔😴💤,😊😌💪✨🌟,😊😌💪,😔💔😢😞⚠️,😔💔😢😞⚠️,😊😌💪✨🌟,😊😌💪✨🌟,😊😌💪✨🌟,😔❓🤷‍♂️,😔💔😢",2
user-214,"😔💔😢,💀🕳️⚠️💸🌴,💀💊⚠️😰🕳️,😊😌💪✨🌟,💀😰🕳️😭⚠️",1
user-215,"💀⚠️🚨,💀😰🕳️😭⚠️,💀🕳️⚠️😭😔,💀🕳️⚠️😭🔪,😔💔😢⚠️💪,😔💔😢,💀🕳️⚠️😭💪,😊😌💪,😊😌💪,😊😌✨,😐📍🇬🇧,💀🕳️⚠️😭",2
user-216,"😔💔😞🕳️😭,😔💔😞🕳️⚠️,😔💔😢,💀🕳️😭⚠️",2
user-217,"💀🕳️😭😔🐾,😔💔😞⚠️🕳️",2
user-218,"😔💔😢,😊😌💪,😊😌💪✨🌟,😔😕🤔,💀⚠️🕳️😭,💀🕳️⚠️😭😔,😔💔😢,😔💔😢,😔💔😢,😔💔😢,😔💔😞,😊😌💪✨🌟,😊🤝💪,😔💔🕳️,💀😔⚠️🕳️😭,😔💔😩,😊😌💪,💀⚠️🕳️😭,😊😌💪✨🌟,😊😌💪✨🌟,💀🕳️😭⚠️,💀⚠️🕳️😭,😊😌💪✨🌟,😊😌💪,💀💔😔,😔💔😢",4
user-219,"💀😰🕳️😭⚠️,💀⚠️🕳️😭",2
user-220,"😔💔😞🕳️⚠️,😊😌💪,😔💊😖😞💪,😔💔🕳️😭⚠️,😔💊💪😊,😔💔😢,😔💔😩🕳️,😔💔😞⚠️🕳️,😔💔😢🕳️,😔💀🕳️,💀🕳️😭😔⚠️,😊😌💪,💀🕳️😭⚠️,😊😌💪✨🌟,💀⚠️🕳️😭,😊😌💪✨🌟,😔💪✨,😔💪✨,😔💊⚠️,💀🕳️⚠️💊,💀🕳️⚠️,😔💊⚠️😊💪,😔💪✨,🕳️💀😔⚠️😭,😊🤝💪✨,😔💪✨🙏💚,😔💊⚠️💔,💀💊⚠️🕳️😭,😊😌💪,😔💔😢,😊😌💪,😔💔😢,😊😌💪,😊😌💪✨🌟,😊😌💪✨🌟,💀🕳️😰😔💔,💀💊⚠️😔🕳️,😊😌💪✨🌟,😔💔😞🕳️⚠️,😊😌💪,😔💔😢💊⚠️,😊🤝💪✨,💀🕳️😭💔⚠️,😊😌💪✨🌟",2
user-221,"💀😭🔪⚠️🕳️,😔😖😕,💀🕳️😭⚠️,😊😌💪✨🌟,💀⚠️🕳️,💀⚠️😰🕳️😭,💀🔪⚠️😭🕳️,😔💔😢,😔💔😢😞⚠️,😔❓😕,💀😔🕳️💪✨,💀🔪💊⚠️🕳️,😔😞💔,😔💊⚠️,💀😭🕳️⚠️🔪,💀🕳️⚠️,💀😭⚠️🕳️😔,💀🕳️⚠️😭💪,😔💔😞⚠️,💀😔⚠️,😔💔😢,😊😌💚,💀⚠️🕳️😭🔪,😔💔😞🕳️😭,😔💔😢,😊😌💪✨🌟,😔💔😢,😔💊🌿📞😞,😊😌💪,😔💔😢,💀🕳️⚠️😭🔪,😠🤬😤💥💢,💀⚠️🕳️😭🚨,💀⚠️🕳️😰😔,💀🕳️⚠️,💀🕳️😰😔💔,😊😌💪,😔💔😞🕳️⚠️,😔📞😞,😔💔😢,😔🕳️💀,💀🕳️😭⚠️💔,😔💸😕,💀🕳️⚠️,💀🕳️😭⚠️😔,💀😔🕳️😭⚠️,💀⚠️🕳️,💀🕳️⚠️😭,💀😔🕳️😭⚠️,💀🔪⚠️😭🕳️,💀⚠️😭😔💔,💀🕳️⚠️,💀😰🕳️😭⚠️,💀🕳️😰😭⚠️,💀⚠️🕳️,💀⚠️🕳️😭💊,😔💔😞🕳️⚠️,😔💔😢",3
user-222,"💀⚠️🕳️,🕳️😔💀😭⚠️,😔💔😢,😔💔😢,😊😌💪,😔💔😢,😔💔😢,😊😌💪✨🌟,😔🕳️💭,😊😌💪✨🌟,😔💪🌟,😊😌💪✨🌟,😊😌💪✨🌟,😔💔😢,😊😌💪,😊💪✨🌟,😊😌💪,😊😌💪✨🌟,😔💔😢,😔💔😢,😔💔😞,😊😌💪,😔💔😢,😊😌💪,💀🕳️⚠️😭,😊😌💪✨🌟,😔💔😢,😔❓⚠️,😔💔😞,😊😌💪✨🌟,😔😟⚠️,💀😔⚠️🕳️😭,😊😌💪,😔💔😢,😔💔😢,😔💔😢,😊😌💪,😔💔😢,😔🙏🤝,😊😌💪✨🌟,😔💔😢,😔💪✨,😔💔😢,😔💔😢,😊😌✨,😊😌💪✨🌟,😊😌💪✨🌟,😊😌💪,😊💪✨,😊🐾💪,😊😌💪,😊😌💪,😔💔😢⚠️,😔💔😢,😊😌💪✨🌟,😔🙏✨,😊😌💪✨🌟,😔💔😢,😔💔😢,😔💔😢,😊😌💪✨🌟,😔💔😢,😊💪✨,😔💔😢,😔💔😢,😊😌💪✨🌟,😊😌💪✨🌟,😔💔😢,😔💔😢,😊😌💪,😊🤝💪✨,😊😌💪✨🌟,😊😌💪,😔💔😢",2
user-223,"😔⚠️💊,😔😞😐,💀🔪😭⚠️🕳️,💀⚠️🕳️😭,😔😟💬,💀⚠️🕳️🔫😰,💀🕳️⚠️😭😔,😔💔😢,😊😌💪,💀🔪😭⚠️🕳️,😊😌💪✨🌟,😔💔😞,💀🕳️😭⚠️😔,😔💔😢🕳️⚠️,😔💔🔪⚠️,😔💔😞,💀🕳️😭⚠️😔,💀🔪🕳️😭,💀🔪⚠️😭🕳️,😊😌💪,😔💔😢,😊😌💪✨,💀⚠️🕳️😭🚨,😊😌💪,😊😌💪,😔💔🕳️😭⚠️,💀🕳️😭💊⚠️,💀🕳️😭😔💔,😔😟⚠️,💀🕳️😭⚠️,😊🤝💚✨",3
user-224,"💀🕳️⚠️,😔💔😢,💀🔫⚠️🕳️😰,😔💔😢,💀⚠️🕳️😭🚨,😊😌💪✨🌟,💀⚠️🕳️😭,😔😢😞,💀🕳️😭⚠️,😔💔😢,😔💔,😔⏳🚶‍♂️,😔💔😢,😊😌💪,😔💔😢,😔💔🕳️,💀⚠️🔫😔,💀🕳️😭⚠️😔,😊✨🌟💪🌈",3
user-225,"💀🕳️⚠️😭😔,💀🕳️😭⚠️,💀🕳️⚠️😭😔,💀⚠️🕳️😰❓,😔💔😢",0
user-226,"😔💔✨,😊😌💪✨,💀⚠️🕳️😭🚨,😔💔😢🕳️⚠️,😔💔😢,😔💔😞🕳️⚠️,😔💔😞",2
user-227,💀🕳️😭😔⚠️,2
user-228,💀⚠️🕳️😭,1
user-229,"😔💔😢,😔💔😢,😊😌💪✨🌟,😔💔😢,💀🕳️⚠️😭🔪,😔💔😞,😭😔💔,😊😌💪,😔💔😢,😊😌💪,⚠️🕳️😭,😊😌💪✨🌟,💀🕳️😭⚠️,😔💔🕳️😭,💀⚠️🕳️,😊😌💪,😊😌✨,💀⚠️😰💔😔,😔💔😢,😊😌💪✨🌟",1
user-230,"😊😌💪,😊😌💪✨🌟,😊😌💪,😔💔😢,😊😌💪,😊😌💪,😊😌💪,😊😌💪,😊😌💪,😊😌💪,😊😌💪,⚠️😰🕳️💀,😔🕳️⚠️,😊💪✨,💊😔⚠️,😔🧠🤔,😔💔😢,⚠️😰💊😔🩺,😔💊⚠️,😔🕳️⚠️,😊😌💪,💀⚠️🕳️,😔💪✨,🚨⚠️💀🕳️,😔💪✨,😔💔😢,😊😌💪,😊😌💪✨🌟,😔💔😢,😔❓⚠️,💀😰🕳️😭⚠️,😔💔😢",0
user-231,"😔💔😢,😔💔😢😞🕳️,😔💔🕳️😭⚠️",0
user-232,"💀🕳️😭⚠️,😔💔😞🕳️⚠️,😊😌💪,😔💔😢⚠️🕳️,💀⚠️🕳️😭😔,🕳️😔💀⚠️😭,😔💔😢🕳️⚠️,💀🕳️😭😔💔,💀⚠️🕳️😭🚨,💀🕳️😭⚠️😔,💀🕳️😭😔⚠️,💀🕳️⚠️😭💊,😔💔😢,😔💊⚠️,😔💔😢⚠️🕳️,💀🕳️🚨😭⚠️,💀😔🕳️😭⚠️,😔💔😞🕳️⚠️,💀🕳️😭⚠️😔,😔💔😌,💀🕳️😭😔⚠️,😔💔😖🕳️⚠️,😊😌💪,💀🕳️😭😔💔",3
user-233,💀⚠️🕳️😭🚨,1
user-234,"😔💔😢,😔💔😢,💀🔫🕳️😭⚠️,😔💔😢,🤔📱❓,😊😌💪,😔💔😞⚠️,💀😭🕳️⚠️💔,😔💔😢",2
user-235,💀💔😭⚠️🕯️,1
user-236,"😔💔⚠️,💀🕳️⚠️😭😔",0
user-237,"💀🕳️😭😔💔,💀🕳️😭😔⚠️,💀⚠️🕳️😔💔,😔💔😢😞⚠️,💀💊😭⚠️🕳️,💀🕳️⚠️😭💊,🕳️😔⚠️💔,💀🕳️😰😔💔,😔😰🕳️😭⚠️,💀💊😭🕳️⚠️,😔💔😞,💀💊😭⚠️🕳️,😊✨🌟,😔💔😢🕳️⚠️",4
user-238,"💀🕳️⚠️😭😔,💀💊😭⚠️🕳️,💀⚠️🕳️😔💪,😔💔😢,💀⚠️🕳️😭😔,💀🕳️🌑😭⚠️,😔💔😢⚠️🕳️,😔🕳️💀,😊😌💪✨🌟,💀🕳️⚠️😭😔,😔💪✨,😔💔😞,💀⚠️🕳️😭😔,💀🕳️⚠️😭😔,💀😔💔⚠️,😔💪✨🙏💚",4
user-239,😔💔😢,1
user-240,"😔💔😢,😊😌💪,😊😌💪✨🌟,😔💔😢,😊😌💪,😊😌💪,💀⚠️🕳️😭😔",2
user-241,"😔💔😢🕳️⚠️,😔💔😞🕳️⚠️,😔💔😞,😔💔😞,😔💔😢,😔💔😢,😔💔😢,😔💔😢,😔💪✨,😔💪✨🌟,😊😌💪,😔🌧️💨🚬💔,💀🕳️😭😔⚠️,😔💔😢😞⚠️,💀🕳️😭😔,💀🕳️😭⚠️",1
user-242,"😔💊✨,😔💔😢,😔💔😢⚠️🕳️,😔💪✨,😊😌💪,😔💊⚠️,😔💔😢,😔🌀🕳️⚠️,😔💔🕳️😭⚠️,😔💔😢😞,😔💊⚠️,💀😔💊⚠️😭,😔💔😖🧠⚠️,💊😔🕳️⚠️😭,💀⚠️😭😔💊,😊💪✨,😔💔😢,💀🕳️⏳😞,😔💔😢,😔💔😢💊⚠️,💀💊😭⚠️🕳️,😔💔😢,😔💔😞⚠️🕳️,💀🕳️⚠️😭💸,💀⚠️😭💊😔,😔💔😢😞⚠️,😔💔😴",2
user-243,💀⚠️🕳️😭🚨,0
user-244,😊😌💪✨🌟,0
user-245,"😔💊💪✨,😊💪✨🌟,💀⚠️🕳️😭🚨,💀😔💊🧠💪,💀😔⚠️💪✨,😊💪✨🌟💚,😔💪✨🙏💚,😊😌💪✨🌟,😊🤝💪✨🌟,😊😌💪✨🌟,😔💔😢,😊😌💪✨🌟,😔💔😢,😊😌💪✨🌟,😔💔😢⚠️,😠🤬😤,😊😌💪✨🌟",2
user-246,"😊😌💪✨🌟,😔💊🧠👁️‍🗨️,😔💔😢,😔💔😢😞🕳️,😔💔😢,😊😌💪✨🌟,😔💔😢,😊😌💪✨🌟,😊😌💪✨🌟,😊😌💪,😊😌💪✨🌟,😊😌💪✨🌟,😊😌💪✨🌟,💀⚠️🕳️,😔💔😢,😔💔😢,💀🕳️😭⚠️,😔💔😢🕳️⚠️,😊😌💪✨🌟,😔💔😢,😔💪✨🙏💚,😔💔😢,😔💔😢,😔💔😢",2
user-247,"😔💔⚠️,😔💔😢,😔💔😢,😔💔😢,😔💔😢,💀⚠️😔💔,💀⚠️🏥💊,😔💪✨🙏💚,😔💪✨,😔🔪💀,😔💔😢,😔💔😢,😊😌💪✨🌟,😔💪✨🙏,😔😴⚠️,💀🕳️😭⚠️,⚠️😔💪🙏,😔💪✨,😔💔😢,❓😔⚠️,⚠️💀,💀⚠️🕳️😭,💔😔,💀⚠️🕳️😭💔,😔💪🌟,😔💪✨,😔💪✨,⚠️💀😭🕳️,😊😌💪✨🌟,😊😌💪✨🌟,😊😌💪,😔💔😢,😔💔😢,😔💔😢,😔💔😢,😔💔✨,💀⚠️🕳️😭,😔💔⚠️,😰😔💔⚠️,💀⚠️😭🕳️,😴💤😌,😔💔😢,😔💔😢,😊💪🌟🙏💚,😔💔😢,😔❓😕,😊🤝💪,😔💪,😔💪🌟,💀⚰️😭⚠️💔,😔💔😢,😔💔😴,💀⚠️🕳️😭,💀⚠️🕳️😭,😊💪✨,💀⚠️🔫😔,😔💔😢,💊⚠️😭😔,😔💪✨,⚠️😰😔💔,😔💡🤔,💀😔⚠️😭🎧,😔💔😢,😔💔🕳️⚠️,😔💔😢,💀⚠️🕳️😭,😊💪🌟🙏✨,😊😌💤,💀⚠️😰😔💔,😔🤔😕,💀⚠️🕳️😭,💀⚠️🕳️😭,😊😌💪,😊😌💪✨🌟,😔💔😞,💀⚠️🕳️😭💔,💀⚠️🕳️😭,💊💀🕳️🚨,😊😌💪✨🌟,😔💔😢,🤔❓🤷‍♂️,😔💔📞,💔😔,😔💔😢,😔💪🌟🙏💚,😔💪,😔🤔😕,😰💀⚠️😭,😔💔😢,😔💔😢,😔💔😞,😔💔😢,😔💔😢,😔💔😢,😔💊😖💔😞,😊😌✨,😔❓🤷‍♂️,🕳️😔💀⚠️😭,😔💪🌟,⚠️😰😔💔,💀⚠️🕳️😭💔,😔⚠️💔😢,😊😌💪,⚠️😰😔💔,😔💔😢",1
user-248,"💀⚠️🕳️😭,😔💔😢,💀😔🧠💔⚠️,💀💔😭⚠️,😊🌈🌟,😊😌💪✨🌟",2
user-249,⚠️💀,0
user-250,"😔💔😢,😊😌💪,😔💔😢,😊💪🙏🤝💚,😔💔😢,💀💔😭🕳️⚠️,😊🤝💚,😔💔😞,😔💔😢,😔😰🕳️,💊😔💪,😊😌💪✨🌟,😔💔😢,💀🕳️😭⚠️💔,😔💔😢,😊😌💪✨🌟,😔❓🤷‍♂️,😔💔😌💪✨,😔💔😢,😔💔😞⚠️🕳️,😔💊⚠️,😔💪✨,😔💔😢,😊🙏💪,💀🕳️😭⚠️,😊💪🌟🙏💚,😔💪✨,😔💔😢",2
user-251,"😔💔😢,😊😌💪,😔💔😢,💊😔🕳️⚠️,💀🕳️⚠️,😔😞😩💔,💀😰😔⚠️,😔😞😩💔,😔💔🕳️,😔⏳⚠️🕳️,😔😞💔,💀🕳️⚠️,😔💔😢,😔💔😖🕳️💊,😔💔😢,😊😌💪,😔💔😢,😔💔😢,😔😰🕳️,😔😕😐,😔💔🕳️😭⚠️,😊😌💪,😔💔😞🕳️⚠️,😔💊⚠️,😔💔😢,😔💔😞,💀😰💊🕳️⚠️,💀😰🕳️😭⚠️,😔💔🕳️😭⚠️,💀🕳️😭⚠️,😔💔😞⚠️🕳️,😔😞🕳️,💀🕳️⚠️😭🚨,😊😌💪,😔💔😢,😔💔😞🕳️⚠️,😔💔💊⚠️🕳️,😔💔😰⚠️,😔💔😢,🔪😭😔⚠️💔",3
user-252,"😰🌑💊⚠️,💀😰🕳️😭⚠️,😔💔😢,💔😔🕳️😭⚠️,😔💔😢,😔💔🕳️,😔💔😢,😔💔😞⚠️🕳️",2
user-253,"😔💔😢,😔💔⚠️,😔💔😢,😊😌💪✨🌟,😔💔😢,😔💔😢,😔💔😢,😊😌💪✨🌟,💀⚠️🕳️😭🚨,😊😌💪✨🌟,😔💔😢,😊💪🌟,😔⚠️💔🙏💪",1
user-254,"💀⚠️🕳️😭💊,😊😌💪✨🌟,😔💔😞,😊😌💪,💀😰🕳️⚠️😭,😊😌💪✨🌟,😊😌✨,😊😌💪,💀🕳️😭⚠️😔",4
user-255,"😊😌💪✨🌟,😔💔😢,💀⚠️🕳️😔💊,💀⚠️🕳️,😔😰🕳️,😊😌💪✨🌟,😊😌💪,😔💔😢,😊😌💪,😔⚠️🕳️,😊😌💪✨🌟,😊💪✨🌟,😔💊⚠️,😊😌💪✨🌟,😔💊⚠️🕳️,😊😌💪✨🌟,😊💪✨🌟🙏,⚠️😰😔💔,😔💔😢,😊😌💪✨🌟,😔💔😢,😊😌💪✨,🤔💭😔🤝💚,😊🤝🌟,💊🤮⚠️💀,😊😌💪,😔💔😢,💀⚠️🕳️😭🚨,😊😌💪✨🌟,⚠️😔💀,😊💪✨,😔💔😢,😊😌💪,💀⚠️🕳️💊😰,😊😌💪✨🌟,😊😌💪,💀🕯️🕳️😭⚠️,😔💔😢,😊😌💪,😊😌💪✨🌟,😊😌💪,💀🕳️⚠️😭😔,😊😌💪,😊😌💪,😊😌💪,💊⚠️😰💀🕳️,😊😌💪,💀⚠️🕳️😭🧠,😔💔😢,😔💔😖,💊😰⚠️,😊💪✨🌟,😔💔😢,😊🤝🌟,😔💔⚠️,😔💔😢,😔💔😢,😔💔😢,😊😌💪",1
user-256,"💀🕳️😭,💀⚠️🕳️😭🚨",3
user-257,"😊😌💪✨🌟,😔💔😢,😊😌💪✨🌟,😊😌💪✨🌟,💀⚠️🕳️😭😔",2
user-258,😔💔😢,1
user-259,💀🕳️😭⚠️,2
user-260,"😊😌💪✨🌟,😔😞😖,😔🕳️💀,😔💔😢,😊😌💪,😊😌💪✨🌟,💀🕳️⚠️😭😔,😔💔😢,💀⚠️🕳️😭😔,💀🕳️😰😔💔,😔💔😢,💀🕳️⚠️😭😔,😊😌💪✨🌟,💀🕳️⚠️😭😔,😔💔😢,💀⚠️🕳️😭💔",0
user-261,"💊😔⚠️,😔😞😩💔⚠️,😔💔😞🕳️⚠️,💊😰🕳️⚠️😵,💀🕳️😭⚠️💊,😔🕳️😞,😊💪🌟,💀💊🕳️😰🚨",3
user-262,💀😔⚠️😭💔,0
user-263,"😊😌💪✨🌟,😔💔😢,😊😌💪,😔💔🕳️😭⚠️,💀🔪😭⚠️🕳️,😔😰⚠️,💀🕳️⚠️,💀🔪😰⚠️😭,😔💔😢,😔😟⚠️,😊😌💪,😔💪🌟,😔💔😢,💀🔪😭⚠️🕳️,😊😌💪,😔💔😢,😊😌💪,😔💔😞,😊😌💪,😔😞⚠️,😊😌💪,😔😌✨,😊💪🌟,😔😖😞,💀💊⚠️😭😔,💀😭⚠️🕳️,😊😌💪,💀🔪😭⚠️🕳️,💀😭⚠️🕳️,😔💔😢,😔💔🕳️,😔💔😢,😔😢😞🕳️,😔💔😢,😔💔😢,😔💪✨,😔💔😢,💀😰🕳️😭⚠️,😊😌💪,😔💔😢,😊😌💪,😊😌💪,😊😌💪,💀🔪😭⚠️,💀😰🕳️😭⚠️,😊😌💪,😊😌💪,😔💔😢,⚠️🕳️😔💬,😔⚠️🕳️,😔💪🌟,😔❓😕,😊😌💪,😔💔🕳️,😔💔😢,😔💔😢⚠️,💀🕳️⚠️😭😔,💀🕳️😭⚠️,💀😭⚠️💔😔,😔💔😢,💀⚠️😭🕳️,😊😌💪,💀🕳️⚠️😭,😔💔😩🕳️⚠️,😔💔😢,😔💔⚠️,💀⚠️🕳️,🔪😭😔💔,💀🕳️😭🔪⚠️,💀🕳️😭🔪⚠️,😔💔😢,⚠️😰😔💪,💊😰⚠️😵,🩸😖😔⚠️,😔💔😢,😊💪✨,😔😴🌧️,😔💔😢😞⚠️,😊😌💪,😔😖❓,😔💔😢,😔💔😢,😔💔😢,💀🔪😭⚠️🕳️,😔💔😢,💀⚠️🕳️😭,😊😌💪,😔💔😞,😔😟😕,😊😌💪,⚠️🕳️😔💔,😔💔😢,😔💪✨,😔💔😢,😔🕳️😰⚠️,😊💪✨,😊😌💪,😔💔😢😞⚠️,💀🕳️😭⚠️🔪,😔💔😢,😔💔😢,😔😢⚠️,💀🔪🕳️😭⚠️,😔⚠️🕳️,😔💪🙏💚✨,😊💪🌟,😊😌💪,😔🙏💪✨,😊😌💪,😔💔😢,😔💔😢,💀⚠️😭😔,😔💔😢,😔💪🙏✨,😊😌💪,💀⚠️😭💪🙏",0
user-264,"😔🤔😕,😔⚠️🕳️,😊🤝✨,😔💔😢,😔😴✨,😔💔😢,😊😌💪,💀🕳️⚠️😭🌑,😔😢😞,😔💔😢,😊😌💪✨🌟,😊😌💪,😔💔😢,😔💔😩",1
user-265,"😔🕳️😰💀⚠️,😔💔😞🕳️⚠️,😔💔😞🕳️,😔💔😞😣😖,💀🕳️😭⚠️😔,😔💊⚠️,😔💔😞,😔💔😴,😔😞😖💔🕳️",1
user-266,😔🕳️😭⚠️,1
user-267,"😔💔😢,💀😭🕳️⚠️😔,💀🕳️😭😔⚠️,😔💔😞,😔💔😢,😔💔😢,💀⚠️🕳️😭,😔💔😞🕳️⚠️,💀⚠️🕳️😭,💀🕳️⚠️😭💊,😔💔🕳️😭⚠️,😊😌💪,💀🕳️😭⚠️,💀🔪⚠️🕳️,💀🕳️😭⚠️,💀😭🕳️⚠️😔,💀🕳️😭⚠️😔,💊😰😔⚠️,😊😌💪,💀🕳️😭😔⚠️,😔💔😢🕳️⚠️,😔💔🕳️😭⚠️,💀⚠️🕳️😭😔,💀🕳️⚠️😭🔪,🕳️😔💀",3
user-268,"😊😌💪,😊😌💪,💀💊⚠️😭😔,😔💔😢,😔💔😢,😔😢😞,😔💔😢,💀⚠️🕳️,🤔😔❓,😊😌💪✨🌟,😊🤝💪✨,💊⚠️😰🕳️💀,😔💔😢,😔💔😢,😊🤝💪,😔💔😢,💀🔫⚠️😰🕳️,😊😌💪,😊😌💪✨🌟,😔❓💭,💀⚠️🕳️😭🚨,😊😌🤝,😊😌💪✨🌟,😔💔😢,😊😌💪,😊💪🌟🙏✨,😔💔😢,😔🙏💪,😊😌💪,😔💔😢,😔💪✨,😔💔😢,😔💔⚠️,😔💔😢,😔💔😢,😔💔😌✨,😊💪✨🌟💚,😊😌💪✨🌟,😔💔😢,🤔😔❓,😔💔😢,😊😌💪,😔💔😢,😔💔😢,😔💔😢,😊😌💪✨🌟,😔💔😢,😔💪✨🤝,💀😰🕳️⚠️😔,😊😌💪✨🌟,😊😌✨,💀⚠️🕳️😰🚨,😔😖😞💔⚠️,😔❓⚠️,😔🕳️🌑,😊💪🌟🌈✨,😔💔😢,😔💔😢⚠️,😊😌💪✨🌟,🌑🕳️😔,💀💊⚠️🕳️😵,😊😌💪✨🌟,😊😌💪,😔💔😌,😔💪✨,😊😌💪,😊😌💪,😔😕🤔,😊😌✨,😔💔😢,😔💔😢,😔💔😢,😊😌💪✨🌟,💀⚠️🕳️🚨🔪,🤔❓🤷‍♂️,😔🕳️💀,😔💔😢,🕳️💀,😔💔😢🕳️⚠️,💀🕳️⚠️😭😔",1
user-269,"😔⏳📱,😔💔😢",0
user-270,💀🕳️😰😔😭,1
user-271,"💀⚠️🕳️😭🔪,💀⚠️🕳️😭😰,💀🕳️😭😔💔,💀🕳️😭⚠️🛏️,💀🕯️⚠️😭🕳️,😔💔😢",4
user-272,💀😭⚠️💔😔,2
user-273,"💀🕳️😭⚠️😔,😔💔😞🕳️⚠️,💀😔🕳️😭⚠️",2
user-274,"😊😌💪,😔💔😞,⚠️😰😔💔,😊💪🌟,😊😌💪,😔💔😞,💀⚠️🕳️😭,😊💪🌟",4
user-275,"💊⚠️😰💀🕳️,😊😌💪,😊😌💪,😔😕😐,🤔❓⚠️,😔💔😢,😔😕🍵,💀⚠️🕳️,💀🕳️😭⚠️😔,😰💔⚠️,😊😌💪,😔💊⚠️,💀🔫⚠️🕳️😰,💀🕳️😭⚠️😔,😔😖😩🕳️⚠️,😊😌✨,😔😖😩,😔❓⚠️",4
user-276,💀🕳️😭⚠️💔,2
user-277,💀🕳️😭⚠️🚨,2
user-278,"😔💔😞,😔💔😞🕳️⚠️,😔💔😞,💀🕳️😭😔⚠️,😔💔😩🤢🛏️",3
user-279,💀🕳️😭😔💔,1
user-280,💀⚠️🕳️😭🔪,1
user-281,💀🕳️😭🔪⚠️,3
user-282,"😔💔😢,😔💔😢,💀🕳️⚠️😭😔,💀🕳️😭⚠️,⚠️🕳️💀,😔❓😐,💀🕳️😭😔💔,💀😰🕳️😭⚠️,😊😌💪,😔💔😢😞⚠️,💀💔😔🕳️😭,💀🕳️😭⚠️,😔💔😢,😊😌💪,😊😌💪✨🌟,🕳️😔💀,😔💔😢,💀🕳️⚠️,💀💊⚠️🕳️😭,💀😔💔🕳️⚠️,💀😭⚠️🕳️😰,😔💔😞🕳️⚠️",3
user-283,"😔💪✨,😊😌💪,😔💔😢,😔💔😢,😔💔😢,😔💔😢,😔💔😢,😔💔😢,😊😌💪,😊😌💪,😊😌💪,😔💪✨,😔😟😖,😔💔😢,💀⚠️🕳️😭😔,😔💪✨,💀😰🕳️😭⚠️,😊😌💪,😊😌💪,😔💔😢,😔💔😢,😊😌💪,😔💔😢,😔🕳️⚠️,💀🕳️⚠️,😔😞😖,💀🕳️🚨,😊😌💪,😊😌💪✨🌟,😔💔😢,💀🕳️⚠️😭😔,😔💔⚠️,😔😕😐,😔💔😢,😔💔😢,😊😌🌟,😊😌💪,😔🤔🤷‍♂️,💀🕳️😭😔💔,😊🤝🌟,😔💪✨,😔💔😢,💀⚠️🕳️😭🚨,😔💔😢,💀⚠️🕳️😭💔,😊😌💪",1
user-284,💀🕳️😭⚠️,2
user-285,"💀🕳️⚠️,💀🕳️😭🔪⚠️,💀⚠️🕳️😭,💀🕳️😭⚠️,💀😭🕳️⚠️😔,💀🕳️😭😔⚠️,💀🕳️😭⚠️,😔💔😞🕳️⚠️,😔💔🕳️😭⚠️,😔💔😢😞🕳️",2
user-286,"💀🕳️😰😔💔,💀⚠️🕳️😭💊,😔💔✨,😊😌💪,😔💔😢,😔💔😢,😔💔😢,😊😌💪✨🌟,😔💔😢,😔💔😢,😔💊⚠️,😔🌫️😕,😔❓😐,😔💔😢,😔💔😢,💀😰🕳️😭⚠️,😔💊⚠️,💀⚠️🕳️😭😔,💀😰🕳️⚠️😭,😔💔😢,😔💊📝🧠🩺,😔❓🤔,😔💔😢,😔💔😢,😔❓🤷‍♂️,😔💔😢,😔💔😢,😔💔😢,😔🤢⚠️,💀⚠️😭🕳️,💀🕳️⚠️😭😔,💀🕳️⚠️😭😔,💀💊😰🕳️⚠️,💀💊😰⚠️,😔💔😢,💀⚠️🕳️😭,😔💊⚠️,😰😔⚠️,😔💔😢,💀🕳️⚠️😭😔,💀💊⚠️😭🕳️,😔💔🕳️,😔💔😢,😊🤝💚,😊😌💪✨🌟,😔😢😞,😊😌💪,💀😔⚠️💔🧠,💀🕳️⚠️😭😔,😔💔😢,💀⚠️🕳️😭,😔💔😰🕳️⚠️,😊😌✨,💀⚠️🕳️😭🧠,😔💔😢,😔💪✨,😊😌✨,😔💪✨,😊😌💪✨🌟,😔💔😢,💀⚠️🕳️🚨🔪,💀💊🕳️😭,😔😟😕,💀⚠️🕳️😭,😔😖⚠️,⚠️💀😔🙏,😔💔😢,💀🕳️😭⚠️,🔪😭😔⚠️,😔💪🌟,😊😌💪✨🌟,😊😌💪,💀😭⚠️🕳️,😔💔😢,😔😖😕,💊😰⚠️😔😖,😊😌💪✨🌟,😔💔😢,😔💔😢,😊😌💪✨🌟,💀⚠️🕳️😭🧠,😔💪✨,💀⚠️🕳️😭,😔😖😞,😊😌💪,😊😌💪✨🌟,😊💪✨🌟🙏,😊💪✨🌟,😰🕳️💀,😔💔😢,😔💪🙏,😔💔😢,😔💪✨🙏💚,😔💔😢,💀😔📚⚠️,💊⚠️😔🕳️,💀🕳️😭⚠️,😔💪✨,😊😌💪✨🌟,😔❓😕,😔😕😐,😊😌💪,😔💔😢⚠️🕳️,😔💔😞⚠️🕳️,😔💔😢",3
user-287,"😊💪🌟,😊😌💪,😔💪✨,😔💔😢,😔💔😢",1
user-288,"😔💔😢,😊🤝💚✨,😊😌💪,😊✨🌟,😔💪✨,⚠️🕳️😭💊😔",1
user-289,"💀🕳️😭😔💔,😔😖😩💔⚠️,💀⚠️🔫😰🕳️,😔😰🕳️😭⚠️",2
user-290,"😔💔😢,😊😌💪✨🌟,😔💔😢,😔😟😖,😔💔😢",0
user-291,"😔💔😢,😊🤝💚,😔💔😢,😔💔😢,😊✨🌟,😊💪✨,😔💔⚠️,😔💔😢,😔💔🕳️,😊😌💪,😔💔😖⚠️,😔💔😢😞,💀🕳️⚠️,😔💔😢,😊😌💪,💀⚠️😭😔,😊😌💪✨🌟,😊😌💪✨🙏",2
user-292,"😔💔😕,💀⚠️🕳️😭,💀😔🕳️😭⚠️,😔💔😞,😔🤔😐,💀⚠️🕳️😭🔪,💀😔🕳️😭⚠️,😔💔😢",4
user-293,"💀💊⚠️😔💔,😔💔😢,😔💔😢,😔💔😢,💀⚠️🕳️😭🚨,😔💪✨,😊😌💪✨🌟,💀🕳️⚠️,😔💔😢😞⚠️,💊⚠️😰😔🔍,😔💔😢,😔💔😢,😊😌💪,😔💔😢,😊😌💪✨🌟,😔💔😢😞⚠️,😊🤝💪,😔💔😢,😊😌💪,😊😌💪,😔💔😕,😊😌💪,😰😔📞💔,💀⚠️🕳️😭,😔💔😢,😔💊⚠️,😔💔😞,😊😌💪,😔💔😢,⚠️🕳️💀,💀🕳️⚠️😭,😔💪✨🙏🌟,😔🕳️⚠️,😔💔😢,😔💪🌟,😊😌💪,😔💔🕳️,😊😌💪,💀🔪🕳️😭⚠️,😔💊⚠️,🤢💔😔,😔😞😖,😔💔😢,😔💔😢,💀🕳️⚠️,😔💔😢,💀🕳️⚠️😔💔,😊😌💪✨,😔💔😢,😔💔😢,💀🕳️⚠️😭😔,😊😌💪,😔💔😢,😔💔😢,😔💔😢,😔💊😖😞⚠️,😔💔😕,😊😌💪,😊😌💪,😔💔😢,😊😌💪,😔💧🥪,💀🕳️⚠️,😔💔😞,😊😌💪,😔💊⚠️😖🧠,😔💔😌,😔💔😢,💀🕳️⚠️😭💊,😔💔🕳️😭⚠️,💀⚠️😰💔😔,😊😌💪✨🌟,💀🕳️⚠️,😊😌🌟,😊🌈✨,😊🤝💚,😊😌💪✨🌟,😔💔😢,😊😌💪✨🌟,😭💔😔,😊😌💪",2
user-294,"😔💔😞,😔💭🌀😌✨,😔💪✨,😊😌✨,😊😌💪✨🌟,😔😞⚠️,💀⚠️🚨😭🕳️,😊😌💪",1
user-295,"😊🤝💪✨,😊😌🤝,💀⚠️🕳️😭,😊💪🌟,😊😌💪,😔💔😢,😊😌💪✨🌟,😔💪✨,😊😌💪✨🌟,😊😌💪,😊🙏🤝💚✨,😊🤝🌟,😊🤝💚,😊💪🌟,😊😌💪✨🌟,😊🤝💚",0
user-296,"😔💔😢,💀🔫🚨⚠️,😊💪🌟🙏💚,😔💔😢,😔💪✨,😔💔😢,😔💔😢,😔💪🌟🙏💚,💀⚠️🕳️😭😔,😊🌈🤝💪✨,😔💔😢,❓❓❓,😔💔😢,😔💪✨🙏💚,💀🕳️⚠️😭🧠,😔💔😢,😊😌💪,😔💔😢,😔💔😢,😊💪🌟,💀⚠️🕳️😭😔,😔💔😢,😔💔😢,😔💪✨🙏💚,😔💔😢,💀🌑🕳️😭,😊✨🌟,😔💔😢,😔❓⚠️,😔💔😢,⚠️💔🙏,😊😌💪,😔💔😢,😊💪🙏,😊😌💪,😔✨🌟,😔💔😢,😊🌈💪✨🌟,💀⚠️😔💔,😊😌✨,😊😌💪✨🌟,😔💔😢,😔💔😢,😊🌈💪✨🌟,😔💔😢,😊🌈🌟,😊😌💪✨🌟,😊😌✨,😔💔😢,😔💪✨,😔🤔😕,😊😌💪✨🌟,😔💔😢,💀⚠️🕳️😭🚨,😊💪🌈✨🌟,💀⚠️😰🕳️😭,😔💔😢,😊💪🌟,💀⚠️😭😔🙏,💀⚠️🕳️😰❓,😊😌💪,😔💔😢,😔💔😢,😊😌💪,💀⚠️😭🙏💪,😊😌💪✨🌟,😊💪✨🌟,😔💪✨,😔🤔😕,😔💔😢,😔💪🌟,😔💔😢,😔💔😢,😔💪✨,😊🌈🌟,😔💔😢,😔💔😢,😊😌💪✨🌟,💀🕳️⚠️,😔💔😢",0
user-297,"💀🕳️⚠️😭,😔💔😭⚠️💪,💀😭⚠️🕳️😔,😔💔😞🕳️⚠️",4
user-298,"💀🔍🕳️😰⚠️,💀🕳️⚠️😭😔,💀💊⚠️🕳️😭,😊😌💪,😊😌✨,💀🕳️😭⚠️,😔💬❓,😊😌💪✨🌟,💀😰🕳️😔,💀⚠️🕳️😭,😊😌💪,😔🕳️⚠️,😔💔😢,💀⚠️🕳️😭💔,😔💔😢,😊😌💪,😊💪✨🌟,💔😭,😠🤬😤,😔💔😢,⚰️💔😔,💀🕳️😭😔⚠️,😔❓😕,😔💔😢,😊😌✨,😔❓😕,😔⚠️🕳️,😊😌💪✨🌟,😔💔😢,😔💔😢,😔😞😩🕳️⚠️,😔💔😢,😔😩😞💔😖,😔💔😢,😊😌💪,😰🕳️⚠️,😊😌💪,⚠️😰💔😔,😊🤝💚,😔❓⚠️,😔💔😕,😔💔😢,💀⚠️🕳️,😔😩😞💔😴,💀🔫⚠️🕳️,💊🤮😔⚠️,😊🤝💪✨,😔💬❓,💀⚠️😭🙏💔,😊😌💪✨🌟,😔😞⚠️,😔😩😞,😔💔😢,💀⚠️🕳️😭😔,😊😌💪,💀⚠️🕳️,😭💔😔⚠️,😔💬❓,😊😌💪,😊🤝💪,😔💔😢,💀🕳️😭,😊😌💪,💀🕳️😭⚠️,⚠️😰🕳️,🤔🔍🕵️‍♂️❓",2
user-299,"💀⚠️😭💔🕳️,😊😌💪✨🌟",1
user-300,"😔❓💭,💀🕳️😭⚠️😔",2
user-301,"😔🕳️⚠️,💀⚠️🕳️🚨,😔💔😢",1
user-302,"😔💪✨,😔💔😢,💀⚠️😭💔😔,😔💔😢,😔💪✨🙏💚,😔💔😢,💀🕳️⚠️😭😔,😔💔😞🕳️⚠️",2
user-303,"💀🕳️⚠️😭📚,💀⚠️🕳️😭🚨,💀🚨⚠️🕳️💊",3
user-304,💀⚠️😭😔,0
user-305,"😔💔😖,😔💔😢,💀⚠️🕳️😭🔪,😊😌💪,😔💔😢,😊🙏💪✨,😔😒🙄,😔💔😢,😔💔😢,😔💔😢,😊😌💪,💀🕳️⚠️,😔💔😢,😔😞🕳️,😔🕳️💀,😔💔🔪⚠️😭,😔💔😢😞⚠️,😔💔😞",2
user-306,"😔💔😢,💀💊⚠️😭😔,😌🌿😊,😊💪✨🌟,💀🕳️😭😔⚠️,💀🕳️⚠️😭,😔💔😢,😔💔😢,💀🕳️⚠️,😔💔😩🛏️⚠️,💀🕳️⚠️😭😔,💀⚠️🕳️😰🩸,💀⚠️😰😔💔,🌑🕳️😔💀⚠️,💀⚰️🕳️😭🚨,😔💔😢,😊😌💪,😔💔😢,💀💊⚠️🕳️🚨,💀🕳️⚠️🚨😭,😔🕳️⚠️,😔💔😢,😊🌿🎣🌳,😊🤝🌟,😔💔😢,😊😌💪,😔💔😢,😔💔😢,😔💔😢,😔😕🤷‍♂️,😊😌💪✨🌟,😔💔😞,😔💔🕳️😭⚠️,💊⚠️😔,😔💔😞🕳️⚠️,💀⚠️🕳️😰💊,😔💔😖,💀🕳️😭😔⚠️",2
user-307,"😔😰🕳️,😔💔😭🕳️⚠️,💀🕳️😭😔💔,💀😔🕳️💔⚠️,😔💔😞",2
user-308,"😔💔😢,💀😔⚠️😭💔",1
user-309,"😔💪✨,💀⚠️😰🕳️😭,💀😔⚠️💪✨,😔🦷⚠️💀,😊😌💪✨🌟,😔💔😢,😔💔😢⚠️🕳️,💀🕳️😰😔💔,😔💔😢,😔💔😢,😔😌💪,😔💔😢,💀😔⚠️😭💪,💀⚠️😭😔🕳️,😊😌💪,😔😩😞💔⚠️,😊😌💚,💀😔⚠️,😔😭😞💔⚠️,😔💔😢,😔💊⚠️,😊🌈💪✨🌟,😔💔😢,😊😌💪",3
user-310,"😊😌💪✨🌟,💀😔🕳️😭⚠️,💀⚠️🕳️😭,💀🕳️😰😭⚠️",4
user-311,"😊😌💪,😊🤝💪✨,😔💔😢,💀😔🕳️💔⚠️,💀⚠️🕳️😭,😊😌💪✨🌟,💀😭⚠️🕳️😔,😔💔😢,😔😖😞,😔💔😢,😔💔😞🕳️⚠️,😔💪✨,💀😭🕳️⚠️😔,😊😌💪,😊😌💪✨🌟,😔💔😢,😔💔😞⚠️,😔❓🤷‍♂️,😔💪✨",2
user-312,"😊🌈💪✨🌟,🕳️😰😔💔⚠️,😔🤝💪✨,😊😌💪,💀⚠️😭😔,😊😌💪,😔💔😢,😊😌💪,😊😌💪✨🌟,💀🕳️😭⚠️😔,😊😌💪,😊😌💪,😔✨😌,😊😌💪,😔😟⚠️,😊😌💪,😔😰🕳️,😊🤝💚,😊😌💪,💀🕳️😭😔,😊😌✨,💀🕳️⚠️😭😔,😔💔😢,😔💔🙏✨,😊😌💪✨🌟,😊💪🌟,😊😌💪,😔💪🌟,😔😰⚠️,😊😌💪✨🌟,😊😌💪✨🌟,😊😌✨,😊🤝💪,😊😌💪,😊🌈💪✨🌟,💀⚠️🔫,😊😌✨,💀🕳️😭😔⚠️,😔😟😕,😊😌💪,😔🙏✨,😊😌✨,😊😌💪,😊😌💪,😔💔😞😩🕳️,💀⚠️🕳️😭,😔😢😟,💀🌑😭⚠️,😔💔😢,😊😌✨,😔💔😕,😔💔😢",2
user-313,"😔💔😢😞,😔💔😢,😔💔😞😖😩,😊😌💪,💀😔⚠️😭🕳️,💀😰🕳️😭⚠️,😔💔😭😞🕳️",2
user-314,💀⚠️🕳️😭,3
user-315,💀🕳️😰😔💔,2
user-316,"😔💔😢,😔💔😢,😔💔😢,😔💔😢,💀😔⚠️🕳️,😔💔😢,😊😌💪✨🌟,😔💔😢,😔💔😢,😔💔😢,💀🕳️⚠️,💀💔😭⚠️",2
user-317,"😔💔😢,😊😌💪,😔❓⚠️,😔💔😢,😔💔😞⚠️,😔💔😢,😔❓📞,💀⚠️🕳️😭💊,💀😭🕳️⚠️😔,😔💔😢,😔💔😢,😔💔😞🕳️⚠️,💔😭⚠️,😔💔😢,😊😌💪,😊😌💪✨🌟,💀😔🕳️😭⚠️,😔💪✨,😔🤝💪,😔💔😢,😔⚠️🕳️,😔💔😢,😔💔😢,😔💔😢,💀😔🕳️💪✨,💀🕳️⚠️😭😔,😔🕳️😰⚠️,😔💔😢,💀🕳️😭💔⚠️",2
user-318,"🚨⚠️💀😭,😔💪🌟,💀⚠️🕳️😭,😔💔😢,😊💪✨,😔💪✨🙏💚,😊💪✨🌟🙏,💀😔⚠️😭💔,😔💔😢,😊😌💪✨🌟,💀🕳️⚠️😭😔,💀⚠️🕳️😭😔,💀🕳️⚠️😭💔,😊😌💪✨🌟,😔💔😢💪✨,😊💪✨🌟🙏,💀😰🕳️😭⚠️,😊💪🌟,💀🕳️⚠️😭,💀⚠️🕳️😭🚨,😔💪✨🙏💚,💀🕳️⚠️😭🙏,😊😌💪✨🌟,😊💪✨🌟🙏,😔💔😢,😔💪✨🌟,😔💪✨,⚠️🕳️😭💀",1
user-319,"😔💔😌,😔💔😢😞⚠️,⚠️🕳️😰😔💔,💀🕳️⚠️😭🌑,😊😌💪✨🌟,💀🕳️😭⚠️😖,💀⚠️🕳️🔪💊,😔💔😢",2
user-320,💀🕳️⚠️😭😔,2
user-321,💀🕳️😭⚠️😔,2
user-322,"😔💔😢,😔😢😖💪✨,😔❓🤷‍♂️,😔💊⚠️,😔💔😞🕳️,😔💔😢,😔😢😞,😔💊⚠️,😊😌💪,😔💊⚠️,😔😴💊😵⚠️,😊😌💪✨🌟,😔💔😢,💊⚠️😔,😔💔😢,😊😌💪✨🌟,😊😌💪,😊😌💪,😊😌💪,😊😌💪,😊😌💪✨🌟,😊😌💪,😊😌💪,😊😌✨,😔💊😞💸😖,😔💪🙏,😊😌💪,😔😢😞,😊😌💪,😔💔😢⚠️🕳️,😊💪✨,😊😌💪,😔💔😢,💀⚠️🕳️😰🔍,💀🕳️😰😔💔,😊😌💪,💀⚠️🕳️🔪💊,😔😩😞💔🕳️,😊😌💪,😔😢😖💊⚠️,💀⚠️🕳️,😔💔😢,💀😔⚠️,😔💔😢,💀🔫⚠️🕳️😰,😔😢⚠️,😔💊⚠️,😔💔😢,😔💔😞,💀💊⚠️🕳️😰,😊😌💪✨🌟,😔💊⚠️,😔✨💪,😊😌💪,😊💪🌟,😊😌💪,😔😢💔,😔💊⚠️,😔😴💤,😔💔😖🕳️⚠️,🤔❓🤷‍♂️,💀⚠️🕳️,😔💔😢,😊😌💪,😔😢😖,😊😌💪,😔💔😢,😔💊⚠️,😊😌💪,😊😌💪,😔💔😢,💊⚠️😰😔💔,😔💔😰🕳️😭,😊😌💪,😔💔😢,😔💔😢,😊🤝💚,😔💪🌟,😊😌💪,💀🕳️😰😭⚠️,😔😖⚠️🕳️,😔💊😖😴💔,😔💊⚠️,😊😌💪✨🌟,😔😴😖,😊😌💪✨🌟,😊💪🌟,😊😌💪✨🌟,😔💔😢,😔💔😢,😔💔😢,😔💔😢,😔💔😢,😊😌💪,😔😢😖😴💔,😔💔😢,😊😌💪,😔💊⚠️💔😵,😔😞😩💔⚠️,😔💔😖🕳️⚠️",2
user-323,"💀😔🕳️😭⚠️,😊😌💪✨🌟,💀🕳️😭⚠️😔,😔💔😢,😔💔😢,😔💔😖⚠️🕳️,😊😌💪,😊😌💪✨🌟,😔💔🕳️😭⚠️,😔💔😢,💀😔🕳️😭⚠️,😔💪✨,💀🕳️😰😔💔,😔😴😌,😔😴🙏,😔💔😢,💀⚠️🕳️😭,💀😔🕳️💊🚨,😊😌💪,😔💔😢,😔😴💔😞⚠️,😔💔😢,💀😭🕳️⚠️😔,😔⚠️🕳️,😔💔😢,😊🤝🌟,😔💔😢🕳️⚠️,💀😔🕳️😭⚠️,😊😌💪✨🌟,😊😌💪✨🌟",4
user-324,"😔💔😢,😔💔😢,⚠️😰😔💔,😠🤬😤,😔💔😢,💊⚠️😔,😊🤝💚,😊😌💪,😊😌💪,😊😌💪✨🌟,😊😌💪✨🌟,😊😌💪,💀😰🕳️😭⚠️,😔💔😢,😊😌💪✨,😔💔😢,😊🤝💚,😔💔😢,😊💪✨,😊💪✨,😊😌💪✨🌟,😊😌💪✨🌟,😊😌💪✨🌟,😔💪✨,😊😌💪✨🌟,😔💔😢,😭💔😔⚠️🕳️,😊😌💪,😊😌💪,😔💔😢,😊😌💪",1
user-325,"😔🙏💔,💀🕳️😭😰🌑,😔💊⚠️,😔💔😢,💀⚠️🕳️😭,😔💪✨,😔💔😞",0
user-326,"😊😌💪✨,😔💔😢,😔💔😢,😔💔😢,😔💔😢,😔💔😰⚠️🕳️,😔💔😢,😔💪✨🌈🙏,😔😞🕳️😭⚠️,😭😔💔⚠️,😔💪✨,😔💔😢",1
user-327,"💀💊⚠️😔,💀⚠️🕳️😭📞",3
user-328,"💀🕳️⚠️😭,😔🧠❓",0
user-329,"💀⚠️🕳️,😔💔😞🕳️⚠️",2
user-330,"😔💊⚠️,😔💔😢,😊😌✨,💀🕳️😭😞⚠️,😔💔😢,💀⚰️⚠️😭🕳️,🤔🌌🌀✨😊,😊😌💪,😊😌💪,😔💔🧠⚠️,😊😌💚,😔💔😢,😔💔😞,😔💔😢,😊😌💪,😔💔😢,😔🧠🌫️,😔💔😢,💀⚠️🕳️😭🚨,😔💔😕,😔😖⚠️,😔💔😞,😔💔😢,😔💔😢,😔💔😢,💀🕳️😭😔💔,😔🕳️💀,😊😌✨,💀🔪⚠️🕳️🚨,💀⚠️🕳️😭🚨,😔💔😢,😔💔😢⚠️🕳️,😔😞😩💔🕳️,😔🧠⚠️,💀⚠️😔🧠🌀,😔💔😢,😊🌿🧠💚✨,😔😕🤔,😔❓⚠️,😔💔😢",2
user-331,"😔💔😰🕳️⚠️,💀😭🕳️⚠️😔,😔💔😢😞🕳️,💀🕳️😭😔⚠️",2
user-332,"😔💔😞⚠️🕳️,💀🕳️😭⚠️",2
user-333,"😔💔😢,💀💊⚠️🕳️😭,😊💪✨,😔🕳️💀,💀😰🕳️😭⚠️",4
user-334,"💀⚠️🕳️😭🙏,💀🔫⚠️🕳️😭",3
user-335,"💀⚠️🕳️,😔💔😭🕳️⚠️,💀🕳️😰😔💔,💀🕳️⚠️😭🧠,😔💔😩🕳️⚠️,💀🕳️😰😔💊,💀🕳️⚠️😭😔",2
user-336,💀⚠️🕳️😭🧠,4
user-337,"😔💔😢😞⚠️,😔💔😢,💀🕳️⏳😭⚠️,😊😌✨,💀🕳️⚠️😭😔,😔🕳️💀,😔💔😢,😔💔😢,💀⚠️🕳️😭😔,😔💔😢,😔💔😢,😔💔🕳️😭⚠️,😊😌💪✨🌟",2
user-338,"💀⚠️😭😔💪,💀⚠️🕳️😭💪,😔💪✨,💀💔😭⚠️🕳️",3
user-339,"😔💔😢,😔💔😞,😔💔😢,😔🕳️⚠️,😔💔😢,💀😔🕳️⚠️😭,🏥🚶‍♂️😔,💀⚠️🕳️,😔💔😞⚠️🕳️,😊😌💪",3
user-340,"💀🔪⚠️🕳️😰,😊😌💪,😔💔😢,💀🕳️⚠️😭😔,💀⚠️🕳️😭😔,😊😌💪,😔💔😢,😔💔🕳️⚠️,😊😌💪,😊😌💪,💀🕳️😭⚠️😔",4
user-341,"😔💔😢,⚠️💀",0
user-342,"😊😌💪✨🌟,😔💔😢,😔💔😢,😔💔😢,💊⚠️😰😔💔,😔💔😢,😊😌💪✨🌟,😊😌💪,😊😌💪,😔💀🕳️😭⚠️",0
user-343,"😊😌💪✨🌟,😔💪✨🌟,💀⚠️🚨🔫,😊😌💪,😊😌💪✨🌟,💀⚠️🕳️,😊😌💪,😊😌💪,😔💔😢,😊😌💪✨🌟,😊😌💪✨🌟,😊😌💪✨🌟,😊😌💪✨🌟,😊😌💪✨🌟,😊😌💪✨🌟,💀⚠️🕳️😔💪",0
user-344,"😔💔😢,😊😌💪,😊😌💪,😔😟💔,😔💔😢,💀⚠️🕳️😭,😔💔😢,💀🔫⚠️🕳️😰,😔💔😕,😊😌💪,😊🤝🙏,😔❓⚠️,💀🕳️⚠️,😊😌✨,😔💔😢,😔💪✨,😔💔😢,😊😌💪,😊💪✨",1
user-345,"😊😌💪✨🌟,😔💪✨,💀🕳️⚠️😭😔,😊😌💪,😔💔😞,😔💔😢,😔💔😕,😔💔😞,😔💔😢,😊😌💪✨🌟",0
user-346,"🤔😔😕,💀⚠️😔💔🧠,😔💔😢💪✨,😔💔😢,😊😌💪✨🌟,😊💪✨🌟,😊💪✨🙏💚,😔💔😊,😔💔😢,💀⚠️🕳️🚨😵,😔💔😢,💀🕳️⚠️😭💊,😔💔⚠️,💀⚠️🕳️😭,😔❓😕",3
user-347,"😔💔😢,😊😌💪,😔💔😢,😔💔😢,😊😌✨",0
user-348,"😊💪✨,😊😌💪,😔💔😢,😊😌💪,😔💔😢,😔💊⚠️💪🙏,😌😔💻,💀⚠️🕳️😭💊,😊😌💪✨🌟,😔💔😢😞⚠️,😊💪🌟,😊😌💪,😊😌🙏,😊😌💪,😔💔😢,😔💔😞⚠️🕳️,😔💔😢,💀⚠️🕳️,😔💔🕳️⚠️,😔💪✨,😊😌💪,😔💔😢,😔💔😢🙏✨,💀⚠️🕳️😭🕯️,😔❓🤷‍♂️,😊🙏✨,😔💔😢,😊😌💪,😔💪✨,😔💔😢,😔💔😢,😔💔😢,😊😌💪,😊🙏✨,😔💔😞,😔💔😢,💀🕳️😭⚠️😔,😊😌💪,😊😌💪✨🌟,😔🤝💪,💀⚠️🕳️😭",2
user-349,"😊😌💪,💊⚠️😰💀,😔💔😢,😔⚠️💀,🚨⚠️😰💀🕳️,🕳️😔💔⚠️,😔💪✨,😔💔😢,😔💔😢,😔💔😢,😊😌💪✨🌟,😔😴💔,😔💔😢,😔💔😢,😊😌💪,😊🤝🌟,😊💪🌟,😊😌💪✨🌟,😔💪🌟,⚠️😰😔💔,😔❓🤔,😔💔😢,😊🙏🌟,😊😌💪,😊😌💪✨🌟,😊😌💪,😊😌💪,😔💔🙏,⚠️💔😔🙏✨,😊🤝🌟,😔💪🌟,🤔😔❓,😊😌💪,😔❓⚠️,💀🕳️⚠️,😊😌✨,😔💔😢,😊😌💪,😔💔😢,😔💔😢,😔😖😞,😔💔😢,😔💔😢,😔💪✨,😊😌💪,🤔❓🤷‍♂️,😔💔😢,😔💔😢,😊😌💪,😊😌💪,😔😟😕,😔⚠️🕳️,😔💔😢,😔💔😢,😔😕😐,😊😌✨,😔💔😢,😊😌🙏,😊😌💪,😊😌💪✨🙏,😔💔😢,💀🕳️😭,😔😕💭,😔💔😢,🤔😔❓,😔💔😢,💀⚠️🕳️😔💔,😔💔😢,😊🤝💪✨,😔💪🌟,😔💔😢,😊😌💪,😊😌✨,😊😌💪✨🌟,😔💔😢,😊😌💪,😔💔😢,😊😌💪,😊🌈🌟,😊😌✨,😊😌💪,😊😌💪✨🌟,😊😌💪✨🙏,😔😕🤔,😊😌💪✨🌟,😔💔😢,😊😌💪,😊😌💪,😔❓🤔,😔💔😢,😊😌💪✨🌟,😊😌💪,⚠️💀🚨🩸,😊😌💪,😊💪🌟🙏💚",0
user-350,"😔💔😢,😔💔😢🕳️⚠️,😔💪✨,💀🕳️⚠️😭😔,😔😢😞,😔💪✨🌟🙏,😔🕳️⚠️,😔💔😢",0
user-351,"😔💔😢,😔💔😢,😊😌💪✨🌟",0
user-352,"😊💪🌟,😊😌💪,😊💪🌟,💀⚠️🕳️😭😔,💀💊⚠️🕳️😭",0
user-353,💀⚠️🕳️😭😔,2
user-354,"😊😌💪,😊😌💪,😊😌💪✨🌟,😊🤝✨,⚠️😔💪🙏,💀⚠️😭🕳️,😔💔😢,😔💔😢,😊😌💪,😊🤝💪,😔💔😢,😔💔😢,😊😌💪✨🌟,😊😌💪✨🌟,😔💔😢,😊😌💪✨🌟,😊😌💪✨🌟,😔💔😢,😊😌💪,😔💔😢,😔💔😢,😊😌💪,😰🕳️💀,😔💪✨,😔💔😢,😊😌💪✨🌟,💀⚠️🕳️😭😔,😊😌💪",0
user-355,"🤔😔❓,😔💔😞🕳️⚠️,😔💔😢,💀😰😔💪,😔💔😢,😊😌💪,💀⚠️🕳️😭😔,😔🕳️⚠️,😔💔😢,😔💔😢,😔🙄😒,😔💔😢,😔💔😢,😊😌💪✨🌟,💀⚠️🕳️😭😔,😊😌💪,💀🕳️😰😔⚠️,💀🕳️⚠️😭😔",0
user-356,"😔💔😢,😔💪✨,😊💪✨🌟,😔💪✨,😊💪✨🌟🌈,😔💔😢,😔😰⚠️,💀⚠️🕳️😭,😊😌💪,😔💔😢,😊💪✨,😔💔😢,💀⚠️😭😔🙏,😊🤝🌟,💀🕳️😭⚠️,😔💔😢,😊😌💪,💀🕳️⚠️,😔💔😢,😔💔😕,😔💔😢,😊😌💪,😊💪✨,💀😰⚠️😭😔,😔💔😢,😔💔😢,😭😔💔⚠️,😊💪🌟🙏🤝,😔❓⚠️,💀😰💔😔,😊😌💪,😊😌💪,😔💔😢,💀⚠️🕳️😭,💀🕳️⚠️😭😔,😔💔😢,💀⚠️🕳️😭😔,😔💔😢,😊💪✨🌟,😊😌💪✨🌟,😔❓😕",1
user-357,"😔💪✨,💀⚠️🕳️😔💪,😊😌💪,😔💔😢,😊😌💪✨🌟,💀⚠️🕳️😭😔,💀🕳️😭⚠️,😊😌💪✨🌟,😔💔😢,💀⚠️😔💔,😊😌💪,😔💔😢,😔💔😢,💀⚠️🕳️😭,😊😌💪✨🌟,😊😌💪✨🌟,😔💔😢,😊😌💪✨🌟,😊😌💪,😔💔⚠️,😊😌💪✨🌟,💀⚠️🕳️😭,😔💔😞,😊🤝💪✨,😔💔😢😞⚠️,😔💔😢,😊😌💪,😔😌💪,😔💔😢,😊😌💪,😊😌💪✨🌟,💀🕳️😰😔💔,😊😌💪,😔✨💪",2
user-358,"😔💔😞🕳️⚠️,😔❓⚠️,😔💔😢,😔💔😢",1
user-359,"💀⚠️🕳️😭,😔💔😩😞⚠️,😔💊⚠️😞😖,😔💔😞🕳️⚠️,😊😌💪,💀🔪😭⚠️🕳️,😔💔😢,💀🕳️😭⚠️😔,😔🧠🌀😌✨,💀⚠️🕳️😭🔪,😔💔😢😞,😔😞😖💔😴,😔💔😢,😔💔😢,😔💔😢,😔💊🕳️,😔💔😢,😊😌💪,😔💔😞,😔😖⚠️🕳️,💀😰🕳️😭⚠️,😔💔😢😞⚠️,😔💔😢,😔💪✨🙏💚,😔💔😢,😔💔😢,💀🕳️⚠️😭,💀⚠️🕳️😭,💊😔⚠️,😔💊⚠️💪✨,😔💔😢,🕳️😰😔💔⚠️,💀⚠️🕳️😔💪,😊💪✨🌟🙏,😔💔😌,😔💔😢,😔💔🕳️😭⚠️",4
user-360,😔💪✨🌟🙏,2
user-361,"😔💔😢,😔❓⚠️,😔💔😢,😊😌💪,😊😌💪,😊😌💪",0
user-362,"💀⚠️🕳️,😔💔😢,😔💔😡,💀🕳️⚠️,😔💔🕳️,😔💔😢",0
user-363,"💀⚠️🕳️😭💔,💀⚠️🕳️😭💪,😊✨🌟🙏💚,💀⚠️🕳️😭💔,💀⚠️🕳️😭💔,😊🤝💪✨,😔💔😢,💀🕳️😰😭⚠️,💊😔⚠️,😊✨🌟💪,😊💪🌟🙏💚,😔💪✨🙏🌈,💀🕳️⚠️💔😭",4
user-364,"💀😔🕳️😭⚠️,💀🕳️😭😔🚨,😔💔😭😞⚠️",2
user-365,"😔💔😢,😔💪✨,😔💔😢,😔💔😢,😔💔😢,😔💔😢,😔💔😩🕳️⚠️,💀⚠️😭😔💔,💀😭⚠️🕳️🔪,💀⚠️🕳️😭🚨,😔💔😢,💀🕳️⚠️😭",0
user-366,"💀🕳️😭😔⚠️,💀⚠️🕳️😭,💀🕳️⚠️😭🔪,💀⚠️🏥😔,💀🔪🩸🕳️⚠️,💀🕳️😭⚠️,💀🕳️😰😔💔,⚠️😰💀💔😭",4
user-367,"💀😭🕳️⚠️😖,😔😖😞⚠️,💀🕳️😭⚠️😔",2
user-368,"💀🕳️⚠️😭💪,💀⚠️🕳️😭,💀💊⚠️😔💪,😔💪🙏💚,😊🤝💪,😔💔😢,💀💊⚠️😭🕳️,😊😌💪✨🙏",1
user-369,"😔💔😕,😔💔😢,😔💔😢,😔💔😩⚠️🕳️,😔💔😢,🤔❓🤷‍♂️,😊😌💪,😔💔😢,😔😩😖💔😞,😊😌✨,😔💔😢,💀😰🕳️😭⚠️,😔💊⚠️,😔💔😞🕳️,💀⚠️🕳️,😊😌💪,😔💔😩,😔💔😢,😔😞😩💔🕳️,😔😖😩,😊😌💪,😔💊⚠️,😔💔😢,😊😌💪✨🌟,😊😌💪✨🌟,😊😌💪✨🌟,😔💔🧠⚡️,😊😌🌟,😰🕳️💀,💊😔⚠️,😊😌✨,😔😩😞,😔😖😩💔💊,😔💪✨,😔💔😢,😔😢😞,😔💔😞⚠️🕳️,😔😞🕳️⚠️,😊😌💪,😔📚😩,😔💊⚠️,😔💪✨,⚠️😔💀,💊⚠️😰😔🕳️,🤔❓⚠️,😔😢😖💔😞",1
user-370,"💀🔪⚠️😭🕳️,😊😌💪✨🌟,😔💔😢,😔💔😢,💀😰🕳️😭⚠️,😔💔😢,😔💪✨,😔💔😢,💀🕳️😭⚠️😔,😔💔😢,😴💤🛌,💀⚠️🕳️😭😔,😔💔😢,😔💔😢,💀⚠️🕳️😭,❓,💀⚠️😭💔😔,💀⚠️😰🕳️😭,😔💔😢",0
user-371,"😔💪✨,💀⚠️🕳️😭",0
user-372,"😊😌💪,😊🤝💪✨🌟,😔💔😢,😔💪✨🌟🙏,😊😌💪,😊💪✨🌟,😊🤝💪,😊😌💪✨🌟,😊😌💪✨🌟,😊💪✨🌟,😊😌💪✨🌟,😊💪✨,😊🤝🌟,💀⚠️🕳️😭😔,😔💪✨",1
user-373,"💀🔫⚠️🕳️😭,💀🔪⚠️😭🕳️,😔💔😡💀⚠️,😊😌💪,💀😔🕳️😭⚠️,💀🕳️😭⚠️😔,💀🕳️😰😭🌑,😔💪✨,😔💔😢,⚠️😔💀,😔💔😢🕳️⚠️,😔🕳️💀,😔🕳️⚠️",2
user-374,"💀⚠️😭😔💪,💀⚠️🕳️😭,😊😌💪✨🌟,😊😌💪✨🌟,😔💔😢,😔💔😞😣😖,😔💔😢,😔💔😢,😔🕳️😰💔🌑,💀😰⚠️😭😔,😊😌💪✨🌟",1
user-375,"😊😌💪✨,💀🕳️😭⚠️💊,💀🕳️😭⚠️😔,😊😌💪,😔💔😢,💀😭⚠️😔💔,😔💔😢,💀🕳️😭,💀🔪😭🕳️⚠️,💀⚠️🕳️😰🚨,💀😭😔⚠️🕳️,😔💔😖😩⚠️,😰🕳️,😔🤔😕,😔💔😢,💀😰⚠️😭😔",3
user-376,"⚠️🕳️💀,😔💪✨,😊💪✨🌟🙏",1
user-377,"😊💪🌟🙏✨,⚠️😔💪,😔🙏✨,😊😌💪,😔💪✨🌟,😔💔😢,😊😌💪,😔💔😢,💀⚠️🕳️😭,😊🤝💪✨🌟,💀⚠️🔪⏳,💀⚠️🕳️😭,😔💪🙏,😊😌💪,😔💪✨,😊💪✨🌟,💀⚠️🕳️,💀🕳️😭😔💔",0
user-378,"😔💔😢,😊💪✨,💀⚠️🔫🕳️😰",4
user-379,"😔💔😢,💀🕳️😭⚠️😔,💀😭⚠️🕳️😖,😔💔😢😞⚠️",1
user-380,"😊😌💪✨🌟,💔😔,😔💔😢,😔💔😢,😔💔🕳️😭⚠️,😔💪✨,😔💔😢,💀🕳️⚠️😭😔,😔💔😢🕳️",2
user-381,💀⚠️😔💔,0
user-382,"😔💔😢,💀🕳️😰⚠️,😔😞😣,😔💔😢",0
user-383,"😊😌💪✨🌟,😊🌈🌟,😔💔😢,😔💔😢,😔💔😢,💀🕳️😰😔💔,😔💔😢💪✨,😔💔😢,😔💔😢",0
user-384,"💀🕳️😰😔⚠️,😔💔😢,💀⚠️🕳️😭🚨,😔💔😢,💀🕳️⚠️😭😔,😔💔😢,😔💔⚠️🕳️💪,💀🕳️😭⚠️😔,😔💔😢,😔🙄😤,💀🕳️😭😔💔,💀🕳️😭⚠️😔,😔💔😢,😔💔😞🕳️⚠️",1
user-385,"😔💔😞,😔💔😢,🤔💡🤝,😰🕳️😭⚠️,😔💔😞,💀🕳️⚠️,😊😌💪✨🌟,💀🕳️⚠️,😔💔😢,😔💔😢",1
user-386,"😔💔😞🕳️⚠️,💀🕳️😭⚠️😔,😔💔😖🕳️⚠️",2
user-387,"😊😌💪,💀⚠️🕳️😭😔,😔💔😢,😔🤔🤨,😊😌💪✨🌟,😔💔😢,😔💪✨,😔💔😢,😔💪✨",0
user-388,"💀💊😭⚠️🕳️,😊😌💪✨🌟,💀⚠️😭😔💔,😔💔😢,💀🕳️⚠️😔💔,😔💔😢",4
user-389,"😭💔🥺🙏⚠️,😔💪✨🙏,💀🕳️⚠️,😔💔😢⚠️🕳️,💀⚠️🕳️😭🚨,😔💪✨🙏,💀🕳️😭⚠️,😔💔😢,😔💔😢,😔💪✨,😔❓😕,💪✨🌟,😊😌💪,💀🕳️⚠️,😔💔😢,😔💔😢",2
user-390,😔💔😢💪✨,1
user-391,"😊🤝💪✨,😔💔😢,💀🕳️😰😭⚠️,😊🤝💪✨🌟",0
user-392,"😔😞😖💔⚠️,😔💔😢",1
user-393,"😔💔😢,💀⚠️🕳️😭",2
user-394,"😔💔😢,💀🕳️⚠️😭💊,😔💔😞,😔💔😢,⚠️🕳️😔💊🚨,💀⚠️🕳️😭😔,😊😌💪,😔⚠️🕳️,😔💪🌟,💀💊⚠️😔💔,😔💔😢,😊😌💪,💀🕳️⚠️😭😔,🤔😔⚠️,⚠️😰🕳️💀,😊😌💪,😊😌💪,😔😞😖,😔💔😌,😊😌💪,😔💔😢,😊💪🌟,😔💔😢,😔⚠️🕳️,😊😌💪✨🌟,💀🕳️⚠️,😔💔😢,😔🕳️💀,😔💪✨,😔💔😢,😔💔😢,😔💔😢,😊😌💪✨🌟,😔💔😢,💀⚠️🕳️😔💔,😔💪🌟,😊😌💪✨🌟,😊😌💪,💀😔🕳️💪✨,😔💔😢,😊😌💪✨🌟,😊😌💪,💀⚠️🕳️😭,😊😌💪,🤔💭❓,😊😌💪✨🌟,🤔😐🤷‍♂️,😊😌💪✨🌟,💀🕳️⚠️😭💊,⚠️🕳️💀🚨,🤔❓🤷‍♂️,😊🤝🎁,😔💔😢,😔💪✨,😊😌💪,😔💔😢,😔💔😢,💀⚠️🕳️😭🙏,😊😌💪,💀💊🍷⚰️🕳️,💀⚠️🕳️😔💪,💀⚠️🕳️😭😔,🤔❓🤨,💀⚠️🕳️😭,😔💔😢,😊😌✨,😊😌💪✨🌟,😊😌💪,😔💔😢,😊😌💪✨🌟",2
user-395,"😔💔😢,😊🤝💪✨🌟,💀⚠️🕳️😭,💀😔⚠️😭✨,😊😌💪,😔💔😞⚠️,😔💔😢,💀🔪🕳️🚨,😊😌💪,😔💔😢,💀⚠️🕳️😰😭",0
user-396,"💀⚠️🕳️😔💔,😊😌💪✨🌟,😊😌💪✨🌟,💀⚠️🔫😔🙏,😔💔😢,😔💔😴,⚠️🕳️💊😰,😔😩😞,😔💔😢⚠️,😊😌💪✨🌟,💀⚠️😭😔💔,😔💪✨🌟,😊😌💪",0
user-397,"😔💔🕳️,😔💔😢,😔💔😢,😔⚠️🕳️,💀🕳️😭⚠️😔,😔💔😢,😔💔😢",2
user-398,"😊😌💪✨🌟,😊😌💪✨🌟",0
user-399,"😊😌💪✨🌟,💀😭⚠️💔😔,😊💪✨🌟",2
user-400,😔💔😢🕳️⚠️,3
user-401,"💀😰🕳️⚠️😭,💀🕳️😭⚠️,😔💔😢,😔💔😞🕳️⚠️,😊🤝💚,😊😌💪✨🌟",3
user-402,"😔💔😢,😔💔😢,😔🕳️💀,😔💊⚠️,😔💔😞,😔💊⚠️🕳️,😔💔😢,😔💔😢,😔💔😞,😊😌💪,💊😔⚠️🕳️😵,😊😌💪,💊⚠️🕳️,😔💔😢,💀🕳️⚠️🚨😵,😔😞😩,💊⚠️🕳️😔🧠,😊😌💪✨🌟",1
user-403,"😊😌💪✨🌟,😔💔😢",0
user-404,"💀🕳️😭⚠️🖤,😐,💀🕳️😭⚠️,💀🕳️😰😭⚠️",0
user-405,"💀🕳️😭⚠️😔,💀⚠️🕳️😭,😔💔😢,😔💔😢😞⚠️",0
user-406,"💀🔫⚠️😰🕳️,💀🕳️😭😔⚠️",2
user-407,"😊😌💪,😔💔😢😞⚠️,😔💔😢,😔🌀🕳️⚠️,😊😌💪✨🌟,💀⚠️🕳️😭,😊😌💪✨🌟,😔💔😢,😔💔😢,😊😌💪✨🌟,😊😌💪✨🌟,💀⚠️🕳️😭😔,😊😌💪✨🌟,😔💔😢,😊😌💪,💀⚠️🕳️😭😔,😊😌💪✨🌟,😔💔😢,💀⚠️😭😔💔,💀🕳️⚠️😭🌑,😔💪✨🙏,😊😌💪✨🌟,😔💔😢,😔💪✨,😔💔😢,😔💔😢,😊😌💪✨🌟,⚠️🕳️😔🙏,😔💔😢,😔💔😢,😊😌💪,💀🔪😰🕳️,😔💔😢,😊💪✨🌟,💀🕳️⚠️,😔💔😢,😔💔😢,😔💔😢😞,💀💊⚠️,💀⚠️🕳️😭,😔💔😢,😰🕳️😔⚠️,⚠️😔💔💪,😔💔😢,😊🤝💪✨,😔💔😢,😔😴💭💔⚠️",1
user-408,"😊😌💪✨,😊😌✨,😊😌💪✨🌟,💀🕳️⚠️,💀🕳️😰🌲💧",1
user-409,"😔💔😢,💀😔💔⚠️🕳️,😊😌💪,😔🤔🎭,😊😌💪✨🌟,😊💪🌟🙏💚,😊😌💪,😊💪✨🌟,😔💔🕳️,💀🕯️😭⚠️🕳️,😔💔😢,😊💪✨,😊😌💪✨🌟,💀😔💔⚠️😭,😔💔😢,😔💔😢,😔💔😢,💀⚠️😭😔🕳️,😔💔😖,😔💔😢,😔💔😢,😔💔😢,😔💔😢,😔💪✨🌟😊,😊💪🌟",2
user-410,"💀😰🕳️😔💔,😊😌💪,😊💪🤝✨🌟,😔💬🤝,😊😌💪✨🌟,😊😌💪✨🌟",2
user-411,"😔🕳️⚠️,😔🙏💪,😔💔😞😩⚠️,💀😔🕳️😭⚠️,😔💔😖🕳️⚠️,😔💔😢😞⚠️,😊😌💪✨🌟,😔💔😢,😔❓🌍,😊😌💪✨🌟,😔💔😞⚠️🕳️,😔😞😖,💀🕳️😭😔⚠️,😔💔😢😞⚠️,💀🕳️⚠️,😔😕😐,😔💔😞,😔😢😞,😔💔🙏✨,😊😌💪,😔💔😢,💀🕳️😭😔💔,😔💊🕳️⚠️,💀⚠️🕳️😭,💀⚠️😭😔🕳️,💀🔪⚠️😭🕳️,💀⚠️🕳️😭,😔🕳️😰,😊😌💪✨🌟,😊😌💪,😊😌✨,😔💔😢😞⚠️",2
user-412,"😔💔😢,😔💔😢,💀⚠️🕳️😭💔,😊😌💪✨🌟,😔💪✨,😔💔😢,😊😌💪✨🌟,💀⚠️🕳️😭😔,😊😌💪✨🌟,💀⚠️🕳️😭,😔💔😢,💀⚠️🕳️😭😔,😔💔😢,😊😌💪✨🌟,😊😌💪✨🌟,😊💪✨🌟,💀⚠️🕳️😭😔,😔💔😢,😔💔😢,😔💔😢,💀⚠️🕳️😭😔,💊⚠️😰💀,💀⚠️😭😔💔,😊😌💪✨🌟,😊💪✨🌟🙏,💀⚠️😭😔💔,😔💔😢🙏💪,😔💔😢,😔💔😢,😔💔😢⚠️,😔💪✨,😔💔😢,💀🕳️😰⚠️😭,😔💔😢,😔💔😩🕳️⚠️,💀🔪⚠️😭😔,😔💔😢,😊💪✨🌟🌈,😔💔😢,😊😌💪,😔💔😢,😔💪✨,💔😔🙏✨,😊😌💪,😔💔😢,😔💪✨,😔💔😢,😊😌💪✨🌟,😔💪✨,💀⚠️🕳️😭💔,💀⚠️🕳️😭💔,😊😌💪✨🌟,😔💔✨,💀⚠️🕳️😭😔",2
user-413,"😔💪✨🌈,😊💪✨🌟,💀🕳️⚠️😭😔,😔💔😢",0
user-414,"💀🕳️😭😔⚠️,💀⚠️🕳️😔💔,💀🕳️😔⚠️,💀🕳️😰😔⚠️,😔💔😢,💀🕳️😭⚠️😔,💀🕳️⚠️😭😔,💀🕳️😭⚠️",2
user-415,😔💔😞🕳️⚠️,2
user-416,"😊😌💪✨🌟,😔💔😢,😔💪🌟,😔💔😢,😊😌💪✨🌟,😔😩😞,😔💔⏳🙏,😔💔😢,😊😌💪✨🌟,😔💔😢,😊😌💪✨🌟,😔💔😢,😔💔😢,😊💪✨🌟,😔💔😢,😔💔😢,😔💔😢,😔💔😢,😔💪✨🌟,😔💔⚠️,💀🕳️😭⚠️,😔💔😢,😊😌💪✨🌟,😔💔😢,💀🕳️😭⚠️😔,😔💔😢✨💪,😔💔😢,😔💔😢,😊😌💪,😔💔😢,😔💔😢,💀⚠️😭😔💔,😔💔⚠️🕳️,😔💔😢,😔💔😢,💀⚠️🕳️😭,😔💔😢,😔💔😢,💀😰🕳️😭,💀🕳️😭⚠️💔,😊🤝💚,😔💔😢",2
user-417,"😔💔😢,😔💔😢,😊😌✨,😔💔😢,😊😌💪✨🌟,😊💪🌟🤝💚,😊😌💪,😔💔😢,😔💔😢,😊😌💪,😊😌🤝,😔💔😢,😔😐✨,😔💔😢,💀🕳️😰😔💔,😔💔😢,😊💪✨🌟,😔💔😢,😔💔😢,😔💔😢,😔💔😢,😊🌈🤝,😔💔😢,😊😌💪,😊😌💪,😔💔😢,😔💔😢,😔💔😢,😔💔🕳️😭⚠️",0
user-418,"😊😌💪✨🌟,😔💔😢",1
user-419,"😊😌💪✨,💀⚠️🕳️,😔😟😕,😔💔😖,💀💊🚨😭⚠️,😰💔😔⚠️,💊💀⚠️😭🕳️,😔💔😞⚠️,😊😌💪,😔💔😢,😔❓⚠️,💀⚰️🕳️,💀😭⚠️😔💔,😔💔😢,💊⚠️😰🕳️💀,💊😰⚠️😔🧠,😔💔😢😞🕳️,😔💪✨,😔💔😢⚠️,😊😌💪,💀🕳️⚠️,💀😰🕳️😭⚠️,😔💔😰⚠️🕳️,😔💔😢,💀⚠️🕳️😭,💀⚠️😭😔,😔⚠️🕳️,😔💔😢,😊🤝💚,💀🕳️⚠️😭🌑,⚠️🕳️💀,😔💔😢,💀😭⚠️🕳️😔,😔💔😢,😔💔😢,❓❓❓,🚨⚠️,💀🕳️⚠️😭💊,💀🕳️⚠️,💀⚠️🕳️😭,😔💔😢,😊😌💪✨🌟,😔🕳️⚠️,⚠️💀🕳️😭,😔⚠️💧,😊🌈💪✨,😔💪✨🙏,😔💔😢,😔💪✨,🚨⚠️😭💔,😔😖😞,💀⚠️🕳️😭,😊😌💪,😔🙏💪,😔💔😢,💀⚠️🕳️,😔💔⚠️,😊😌💪,😔💔😢,😟💔😔,😔😴💤,😊😌💪,😔😢😞,😔💔😢,💀🕳️⚠️😭🌑,💀🕳️😭⚠️,😔💪✨,😔💔😢,😔😟⚠️,😔😴😩,😔💊🏥🤝💪,😔💔😢,💀🕳️⚠️",3
user-420,"😔❓⚠️,😔💔😢,😔💔😢,😔💔😢,😊✨🌟,💀🕳️⚠️,😊💪✨,😊😌💪✨🌟,😔💔✨,⚠️🚨💀🕳️,😴💤🌙,💀⚠️🕳️😭😔,😊😌💪,😔💔😢,💀⚠️🕳️😭,💀⚠️🕳️😭,😔💔😢⚠️",1
user-421,"💀🔫⚠️🕳️😭,💔😔😭😞🕳️,💀🕳️😭😔⚠️,💀⚠️🔫😰🕳️,😔😟😕",3
user-422,💀😔💔⚠️😭,2
user-423,"😔💪✨🤝,💀🌑🕳️😭⚠️,😔💔😢,💀😔🕳️😭",2
user-424,"😔💔😞🕳️⚠️,💀😔🕳️😭⚠️,💀🕳️😭⚠️,💀🕳️⚠️😭💊,💀🕳️😭⚠️😔,💀🕳️⚠️😭🌑,💀🕳️😭😔⚠️,💀🕳️😭⚠️😔,💀🕳️😭⚠️😔,💀⚠️🕳️😭,💀😰🕳️😭⚠️,😔💔🕳️,😔💔😢😞⚠️,😔💔😞,💀😔🕳️💔⚠️,💀🕳️😰😔💔,😔💔😕,💀😔🕳️😭⚠️,💀🕳️😰😔💔,😔💔😢,😔💔🕳️😭⚠️,💀🕳️😔⚠️😭,💀🕳️⚠️😭🌑,💀🕳️😭⚠️😔,💀🕳️😭⚠️,😔💔😞,😔💔😞🕳️⚠️,😔💔💀⚠️,😔💔😢,💀🕳️😭⚠️😖,💀🕳️😭😔⚠️,😔💔😢,💀🕳️😭⚠️,💀🕳️⚠️😭🌑,😔💔😞,😔💔😢😞,😔💔🕳️😭⚠️,😔💔🕳️😭⚠️,💀🕳️⚠️😭🌑,💀🕳️😭😔⚠️,😔💪✨,💀😭🕳️⚠️,😔😞😕,😔💔😞⚠️🕳️,😔💔🕳️😭⚠️,💀⚠️🕳️😭🌑,💀🕳️😭😔⚠️,😊😌💪,💀🕳️😭😔⚠️,💀😭🌑⚠️,💀🕳️😭😔💔,😔💔😞⚠️🕳️,😔💔😢,💀🕳️😭⚠️,😔💔😢,😔💔😢🕳️⚠️,💀⚠️🕳️😭🧠,😊😌✨,💀😔🕳️💔⚠️,😔💔😢😞⚠️",2
user-425,"💀⚠️😔🕳️,😔💔😢",2
user-426,"💀⚠️🕳️,💀🕳️😭⚠️,😊😌💪,😔🤔🌌,😊😌✨,💀⚠️😭😔🕳️,😔💔😢,💀🕳️⚠️😭😔,💀😔🕳️⚠️😭,💊⚠️🕳️😵🚨,💊🌀⚠️😔🔍,💀⚠️🕳️😭,😊😌💪,😔💔😢,💀⚠️😰🕳️😭,💀🕳️⚠️😭😔,😊😌🌟,😔💭📉,🤔❓😔,😔💔😞",1
user-427,"😔💔😢⚠️,😔💭⚠️,😔💔😢,😔😢😖💔😞,😔💔😢,💀⚠️🕳️,😔💔😢,😔💔😢,😊😌💪,😔😞😖,😔😢😞,😔💔😢,😔💔😢,😔😞🕳️⚠️,😔💔😞,💀😔💔🕳️⚠️,😔💔😞🕳️,😔💔😢😞,😔💔😢,😔💔😢,💀😰🕳️😔💔,😔😞😖,😔😟😕",1
user-428,"🚨💀🕳️😭,😔💔😢,😊😌💪✨🌟,😔💪✨,💀⚠️😭💔,😔💔😢,💀⚠️😭💔😔,😊😌💪✨🌟,🚨⚠️💀🕳️,💀⚠️🕳️😭💔,🚨⚠️💀📞,😊😌💪✨🌟,💊⚠️😭😔,😊😌💪✨🌟,💀⚠️😭😔,😊💪✨🌟,💀⚠️🕳️😭💔",0
user-429,"😔💊😰⚠️,😔💔😢,😔💔😢,😊😌💪,😊😌💪✨🌟,😔💬⏳,😔💔😢,💀🕳️⚠️,😔💪✨,😊😌💪,😔💔😢,💀🕳️😭⚠️,😔💔😞,😊😌💪,😔💊🕳️⚠️,😊😌💪✨🌟,😔💔😢😞🕳️,😊🌈🌻,😊😌💪,💀⚠️🕳️😭,😊💪✨🌟🤝,💀😔🕳️😭⚠️,😊😌💪,😊😌💪,😊😌💪,💀⚠️🕳️,😊💪✨🌟,🤔❓📩,😔💔😞,😔💊⚠️,💀⚠️🕳️😭😔,😊😌💪,😊😌💪✨🌟,🤔🔍🕵️‍♂️💡,😔😕💭,😊💪✨🌟🙏,💀⚠️🕳️😭🚨,😔💔😢,😔🙏💬,😔😞😖💔😴,😊💪✨,😔💔😢,😔💔😢,🚨⚠️💀🕳️,💀⚠️😔🙏,😊💪✨🌟,😔💔⚠️,😔💔😢,😊💪✨🌟🌈,😊💪✨🌟,😊😌💪,😊😌💪,😔😕😐,💀🕳️⚠️😔💔,😔❓😕,😊🤝💪,😊💪✨🌟🙏,💀⚠️🕳️😭,😔💪✨,😔😕😐,💊⚠️😔🕳️,😔💔😢,😊😌💪✨🌟,😊😌💪,😔😞😖🕳️⚠️,😔💔😞,😔💔😢,💀⚠️🕳️😭,💀⚠️🕳️😭,💀🔪🩸⚠️😭,😔💔😢,😔💪✨,😔💔😢,😊😌💪,😊😌💪✨🌟,😔❓😕,💀🕳️😭⚠️😔,😔💔😢,😔😟😕,😔💔😢,😔❓😕,💀⚠️🕳️😭🚨,💀💊⚠️🕳️😭,💀😔⚠️💔🕳️,💀⚠️🕳️😭,😔💔😖🕳️⚠️,😊😌💪,😔💔😢,🤔❓🤷‍♂️,😊😌💪,😔💔😢,😔❓😕,😔💔😴,😊😌💪✨🌟",0
user-430,"😔💪✨,😊😌💪✨🌟,😊😌💪✨🌟,😊😌💪,💀🕳️😔⚠️,😔💪✨,😊😌💪,😊💪✨🌟,😔💭😕,😊💪🌟🙏✨,😔💔😢,😊😌💪,😊😌💪✨🌟",2
user-431,💀🕳️⚠️😭💊,4
user-432,"😊💪✨,💀⚠️🕳️😭💔,😔💔😢,😔💔😢",4
user-433,"😔💔😢,💀⚠️😭😔,😔😕🤷‍♂️,😔💔😢,😔💔😞,😔💔😢,💀⚠️🕳️😭,😊💪🌟🙏💚,😊😌💪✨🌟,😊😌💪✨🌟,😔💔😢,😔❓💭,😊😌💪,😰⚠️🕳️,😔💔😢",4
user-434,"😊😌💪,😊😌✨,💀🕳️😭😔⚠️,💀💊😔🕳️⚠️,💔😔😢,😔💔🕳️,😔💔😢,😔💔😢,😊😌💪,💀🕳️😭💊⚠️,😔💔😢,😔💔😞🕳️⚠️,😔💔😢,😔💔😩,😭💊😔⚠️🕳️,🕳️💀⚠️😭,💀⚰️🕳️,💀😔💔🕳️⚠️,😔💔😢,💀💊🚨⚠️🕳️,😔😡⚠️,💀😭🕳️⚠️😔,😊😌💪,💀⚠️🕳️😭,💊😔⚠️,😔💔😞,😔💔😢,🕳️😰💀😭⚠️,😔💔😡,💀🕳️⚠️😭🔪,😔💔😞,😊😌💪,😊😌💪,💀⚰️🚨🕳️⚠️,💀⚠️🕳️😭🚨,💀🕳️⚠️,😔💔😞,😔💔😞🕳️⚠️,😊😌💪,💀⚠️🕳️😰📅,😔💔😢,💀🕳️⚠️,😔💔😞🕳️,💀⚠️🚨🕳️😵,😔💔😞,😔💔😞,💀🕳️⚠️😭🔪,😊😌💪✨🌟,😔🕳️⚠️,😔💔😢😞🕳️,😔💔😢,😔💔😢😞🕳️,😔💔😢,💀🕳️😭😔💔,💊😔⚠️,😔💔😢,😔😖😩,😔💔😞⚠️,💀🕳️😭⚠️,😔💔😢😞🕳️,💀🕳️⚠️😭😔,💀🕳️😭😔⚠️,💀💊🕳️😰⚠️,😔💔😖⚠️🕳️,💀🕳️😭💊⚠️,💀⚠️🕳️🔪😰,😔💔😞🕳️⚠️,💀🚬⚠️🕳️😭,💀🕳️😭⚠️😔,😔💔😞🕳️,😔💪✨,💀⚠️🕳️🔪🚨,💀😰🕳️😭⚠️,😊😌💪,💊😴😔,😔😞💔,💀🕳️😭⚠️,😔😖💭⚠️,😔💊⚠️,😔💔😢😞🕳️,😊😌✨,😔💔😢⚠️,🕳️💀",2
user-435,😔💔😢,1
user-436,"💀🕳️😭⚠️,💀🕳️⚠️😭💊",4
user-437,"💀⚠️🕳️😭💪,😔🕳️😰,😊😌💪,😊💪🌟🙏💚,😊🤝💚,💀😔🕳️💪✨,💀⚠️🕳️😭😔,😊😌💪,😊😌💪,😊😌💪,💀🕳️🚨😭⚠️,💀🕳️⚠️💪✨,😊🤝💪✨,😔💊⚠️💔😖,😔💪✨,😔💔😢,💀🕳️⚠️😭💪,💀😔💔🌧️,😊💪✨🌟🙏,😊🤝💪,😔💊💪✨,😔💔😢,😊💪✨🌟,😔😟😕,😊😌💪✨🌟,💀🕳️⚠️😭😔,💀🕳️😭,💀💊⚠️😔💪,😊😌💪,😊😌💪,💪✨🌟,😔💔⚠️",3
user-438,"💀😭⚠️🕳️💔,😔💔😢🕳️⚠️,😔💔😢😞⚠️,😔💔😡😤💥,😔💔🕳️😭⚠️,😔💔😢😞🕳️,😔💔😞,💀🕳️😭⚠️🔪,😔💔😢,💀🕳️😭😔⚠️,💀🕳️😭😞⚠️,😔💔😢🕳️,💀🕳️😭😔⚠️,💀⏳🕳️😭⚠️,💀🕳️⚠️😭🔪,💀🕳️😭⚠️😖,💀🕳️😭😔⚠️,😊😌💪✨🌟,😔💔😴,💀🕳️😭⚠️🌑,💀😔🕳️💔⚠️,🕳️😭😔💀⚠️,😔💔😢🕳️⚠️,💀😰🕳️😭⚠️,😔💔😢🕳️⚠️,😔💔😞,🕳️😰😔💀⚠️,💀🕳️😭⚠️,🕳️😔💀😭⚠️,😔💔😢,😔💔😖,😔💔😢😞⚠️,💀⚠️🕳️😭,💀⚠️🕳️😭🚨,😔💔😢😞🕳️,💀🕳️😞😔⚠️,💀🕳️⚠️😭🌑,😔💔😢😞⚠️,😔💔😢,💀🕳️😰😔💔,💀🕳️😔🌧️🕊️,😔💔😢,😔💔🕳️😭⚠️,💀🕳️😭,😊😌💪,😔💔😢,💀🕳️😰😭⚠️,😔😡😤💥⚠️,💀🕳️😰⚠️😭,😔💔😖🕳️⚠️,💀⚠️😭😔💔,💀⚠️🔪😭🕳️,💀😔🕳️😭⚠️,😔💔😞🕳️⚠️,😔💔😢,😔🕳️⚠️",2
user-439,"💀🚂⚠️🕳️😭,😔💔⚠️,😔💔😢,💀⚠️🕳️😭💔",4
user-440,"😔💔😢,😔💔😢,😊🤝✨,😔💔😞🕳️⚠️,💀😭🌑⚠️,💀😭⚠️🕳️💊,😔💔😢,😔💔💀⚠️,😔💔😢,💀🕳️⚠️,💀😭🕳️⚠️😔,💀🔪🚨😭⚠️,💀🕳️😰😭⚠️,😔💔😞,💀🕳️😭⚠️😔,💀⚠️🕳️😰💊,😔💔😢,😔💊⚠️,💀⚠️🕳️😭🚨,💀😔😭⚠️🕳️,😔💔😞,💀⚠️🕳️,😔💔😞🕳️⚠️,💀🕳️😰😭⚠️,😊😌🙏,😔💔😞,💀🕳️😭😔💔,😔💔😖⚠️🕳️,😔🕳️⚠️,😔❓⚠️,😔🕳️💀,😔😞🕳️😭⚠️,💀🕳️⚠️😭💊,💀🕳️⚠️,😊💪✨",2
user-441,"😊💪🌟🙏💚,😊💪✨🌟,😔❓⚠️,💀😔💔⚠️,💀💔😭⚠️🕳️,😊💪✨🌟,💀⚠️😭😔💔,😔💔😢😞⚠️,😔💔😢🙏💪,😊😌✨,😔❓⚠️,😔💪✨🙏💚,😊😌💪✨🌟,⚠️💀,😔💔🕳️😭⚠️,😊😌💪✨🌟,😊💪✨,😊😌✨🌟💪,💀⚠️🕳️😭😔,😊💪🌟,😊💪✨🌟,😰🕳️😭⚠️",1
user-442,😔💔😢,1
user-443,"😔💔😢,😔💔😢⚠️,😔💔😢,😔💔😢,😔💔😢,😔❓⚠️,😔💔😢⚠️🕳️,😊💪✨🌟,😔💔😢,💀🕳️😭⚠️🩸,😔💔✨,😔💔😢,😔😞😖😩💔,😔😕😐,😔💔😢",1
user-444,"😔❓⚠️,💀🕳️⚠️😭🌑,😊😌💪✨🌟,💀⚠️🕳️,🤔❓🤷‍♂️,😔💔😢,😊💪✨🌟🙏,⚠️🕳️😔💪,😔💔😢,😊😌💪,😔💔⚠️,😔💔😢,😔💪✨,😔💔😢,😔💔😢,💀🕳️😭⚠️,😊😌💪,😔💔😞🕳️⚠️,🚨⚠️💀🕳️,😔💔😢,😊😌💪✨🌟,😊😌💪,😊😌💪✨🌟,😔✨🌟,😔💔😢,😊😌💪,😊😌💪,😔❓😕,😊🌈🤝💪✨,😊💪🌟🙏💚,😔💔😢,😔😕💭,😊😌💪✨🌟,😔💔⚠️,😔🙏💪✨,😔🌑🕳️,😔💔😢,💀🕳️😰⚠️,😔❓🤷‍♂️,😊😌💪,😊😌💪,⚠️🕳️😰😔💔,⚠️🕳️💀,💀⚠️🕳️😭,😔💔😢,💀🕳️😭⚠️,😊🤝💪✨🌟",0
user-445,"😊😌💪,💀🕳️😰😔💔,💀😔💔⚠️,😔😖⚠️💔💊,😭💔😔⚠️💀,😔💔😢,😔💔😢,😔💔😢,😔💔😢😞🕳️,😔💔😢,😔💔😢😞⚠️,😔💪🙏,😊🤝💪,😔💔😩😞⚠️,😊😌💪,😔💔😢,💊⚠️💀,💀🕳️😭😔⚠️,😊😌🙏,😔💔😢😞⚠️,💀😰🕳️😭⚠️,😊🙏🤝,😊🙏✨,💀😔😭⚠️🕳️,😔💔😢,😔💔😭⚠️🕳️,💀😔🕳️😭⚠️,😔🤝🙏,😔💔😢😞,😊🤝💪,😊😌💪,😔💔😢,😔🕳️😰💔⚠️,💀🕳️😭😔💔,😔💔😢,😔💔😢,😔💔😢,💀😭💔⚠️🕳️,💀😰🕳️😭⚠️,😔💔😢,😔💔😢",2
user-446,"💀😰🕳️😭⚠️,😔😞😖🕳️⚠️,💀🕳️😭⚠️",2
user-447,💀🕳️⚠️😭💊,3
user-448,💀⚠️😭🕳️,0
user-449,"😔💔😢🕳️⚠️,💀🕳️⚠️😭💊,💀⚠️🕳️😭,💀⚠️🕳️",1
user-450,"💀⚠️🕳️😭🔪,😔😰🕳️,😔💔😢😞🕳️,😊😌💪,😔💔😢😞,😔💔😢,😔💔😢,😔💔🕳️😭⚠️,😔💔😢😞😖,💀⚠️😰🕳️🚨,😔💔😢,😔💪🌟,😔💔😢⚠️,😔💔😢",2
user-451,"😊💪✨🌟,😊😌💪✨🌟,😔💔😞⚠️,💀💔😭🕳️⚠️,💀🕳️😭⚠️,😔💔😢,💀🕳️😭😔💔,😊😌💪✨🌟,😊😌✨,💀🕳️⚠️,😔💔😢⚠️,😊🤝💪,😔💔😢,😊😌💪,😔💔😢,💀🕳️😭😔💔,💀😔💔🕳️⚠️,💀💊⚠️😔😖,😊😌✨,😊😌💪,😐,😊😌💪✨🌟",1
user-452,"😔💔😢,😔💔😢,😔💔🕳️,😊💪🌟🤝✨,😊😌💪✨🌟",1
user-453,"💀🕳️😭🔪💊,💀😭🕳️😔💔,😔💔😢😞🕳️,😔💔😢🕳️⚠️,😔💔😞,😔😢😞,💀🔪🕳️😭,😔💔😢🕳️😭,💀😭⚠️😔💔,😔💔😢,😔💔😢😞,💀😔🕳️😭⚠️,😔😰⚠️💔😢,💀⚠️😭🙏💪,😔😰🕳️⚠️,😔💔😢,😔💔😢,💀🕳️😭⚠️💊,💀🔪😰🕳️⚠️,💀😭⚠️🕳️💔,😔💔😢😞🕳️,😔💔😢😞⚠️",2
user-454,💀💊⚠️😭🕳️,0
user-455,"💀⚠️🕳️😭🚨,😔💔😖⚠️🕳️,😔🕳️💀,😔💔😢,😔💔😢,😔💔😢,💀🕳️😭⚠️😔,😔💔😢⚠️🕳️,😔💔🕳️😭⚠️",2
user-456,"😔💔😢,😔💔😢,😔💔🧠⚠️🌧️,😔💔😢😞⚠️,😊😌💪✨🌟,😊😌💪✨🌟,😔💔😢,😔💔😢,😔💔😢,💀🕳️😭⚠️😔,💀⚠️🕳️😭😔",2
user-457,"😔💔😢⚠️,😔💔😢,😔💔😢,💊😔⚠️,💀🕳️⚠️😭😔,😊💪✨🌟,💀⚠️🕳️😭😔",2
user-458,"😊😌💪✨🌟,😊😌💪,😊🙏💪✨,💔😔,😔💔😢,😔💊⚠️,😊😌💪,😊😌💪,😊🤝💚,💀⚠️🕳️😭,💀⚠️🕳️😭,💀🔪⚠️😭🕳️,💀💊⚠️😭🕳️,😊🤝💪,😊😌💪,😔💔😢,😔💪✨,😊🤝💪✨,💀⚠️🕳️,😔💔😢,😔💔😢,😔💔😢,💀⚠️😭🕳️,😔💔😢,💀⚠️🕳️😭,💀💊⚠️🕳️😭,💀😔⚠️🕳️😭,😔💔🕳️,😊🤝💪,😔💔😢,😰⚠️😔💔,😔💔😌,😔💔😢,😔💪✨🙏,😊😌💪✨🌟,😔💔🕳️⚠️😭,😔😖😞⚠️,💀⚠️🕳️😭💔,😊🤝💚,💀🕳️😭😔⚠️,😔😟😕,💀🕳️⚠️😭,😊😌💪,😔💪✨,😔💔😢",1
user-459,😔💔✨💪🌟,2
user-460,"😔💔😢,😔💔😢,💀⚠️🕳️😭🚨,😊😌💪,💀⚠️🕳️😭🚨",0
user-461,"😊💪✨,💊⚠️💀🚨😖,😊😌💪✨🌟,😊😌💪✨🌟,😊😌💪,💀💊⚠️😭😔,😊😌💪✨🌟,💀⚠️🕳️😭😔,😊🤝💚,😔💔😢,💀💊⚠️😭😔,😊😌💪✨🌟,😔💔😢,😔💔😢,😔💔😢,😊💪🌟🙏💚,😊🤝💪✨,😊💪✨,😔💔😢,😊🤝💪✨,😔💔😢,😔💔😢,😊😌💪✨🌟,💊⚠️😰,😊🤝💚,😔💔😞⚠️🕳️,😊💪🌟,💀😔💪✨,😊😌💪,😊😌💪✨🌟",4
user-462,"💀🕳️😭⚠️😔,😔💔😢,😔💔😢🕳️⚠️,😔💪✨,💀🕳️😭😔⚠️,😔💪✨",2
user-463,"😊😌💪✨🌟,💀😭⚠️🕳️💊,💀💊⚠️😭🕳️,😔💔😢,😊😌💪,💊⚠️😰🕳️💀,😔💔😢🕳️⚠️,😊😌💪,😔💔😢,💀🕳️⚠️😭💊",2
user-464,"😊😌✨,😰⚠️🕳️😔,😊😌💪,😔💔😢,😊😌💪✨🌟,😊🙏✨,😔💔😢,😊😌💪,💀🕳️⚠️,😔💔😢,😊😌💪,😊😌💪,😔💔😢,😔⚠️🕳️,😊😌✨,😔😢😞,😊💪✨,😔🌧️😞,💀🕳️😭😔,😔💔😢,😔💔😢,😔💊⚠️😖🧠,😊😌✨,💊😰⚠️🕳️😵,😔💔😢,😊😌💪,😊😌💪,😊😌✨,😔💔😢,💀⚠️😭🔪,😊😌💪,😔💔😞,💀🔪🩸🕳️😰,😊😌💪,💀🕳️😭⚠️💊,😔💔😢,😊😌🌈,😊😌💪,💊⚠️🕳️😵,💀⚠️🕳️😭,😊😌💪,😔💔😢",3
user-465,"💀⚠️🕳️,😔💔😢,😔💔😢,😔💔😢,😔💪✨,💀⚠️😔🙏,😊😌💪,💀🕳️😭⚠️,😊😌💪,💀⚠️🕳️😭💔,💀⚠️🕳️😭💔",0
user-466,"💀🕳️😭⚠️💔,😊😌✨",1
user-467,"😔💔😢,😔💔✨🙏💪,😭💔😔,😔💔😢,😊🌈✨,😔💪✨,😊🤝💪✨🌟,⚠️🕳️💀,🤔❓💬,😔💪✨🙏💚,😊😌💪✨🌟,💀😔💔✨,😔💔😢,😊💪✨🌟🌈,😔💔😢,😔💔😢😭⚠️,😊😌💪,😊😌💪✨🌟,💀⚠️🕳️😭,😔💔😢,😊😌✨,💀⚠️🕳️😭,😭😔🕳️💔,😭💔😔⚠️💀,😊😌💪,😔💪✨🙏💚,😊🤝💪,💔💪✨,😔💪✨🙏💚,💀🕳️⚠️😭😔,😊💪✨🌟🤝,😔💔😢,😊😌💪✨🌟,😔💔😢✨🌟,😔❓⚠️",0
user-468,"💀⚠️🕳️😭,😔❓😕,😔💔😢,😔💔😢,😔💔😢,😊😌💪,💀⚠️🕳️😭💔,😔💔😢,😔💔😢,😊😌💪✨🌟,💀⚠️😭😔💔,😔💔😢",0
user-469,"💀🕳️⚠️😔💭,😊✨🌟,💀🕳️⚠️😭🌑,💀🕳️⚠️😭🧠",2
user-470,"😔💪✨,😌✨🌟,💊⚠️🕳️😰😔,😔💔😢,😊😌💪,😔💔😢",0
user-471,"😔💔😞,😔💔😢,😔💔🕳️😭⚠️,💀🕳️😔💔⚠️,😔💊🕳️,😔💔😞,😔💔😢,💀🕳️😞,😔💔😞🕳️⚠️",2
user-472,"😔💔😢🕳️⚠️,😔💪✨🙏💚,😔💔😢,😊💪✨,😔💔😢⚠️,😔💔😢,💀⚠️🕳️😭😰,💀🕳️😭😔⚠️,💀🕳️⚠️😭😔,😔💔😊,😔💔😢,💀🔪⚠️,💀🕳️😰😭⚠️,😊😌💪,😊😌💪,💀🕳️⚠️,😔💔😢,💀🕳️😭⚠️,💀🕳️⚠️😭💊",1
user-473,"💀😔🕳️💪✨,😔💔😢,💀😔🕳️💪✨,💀⚠️🕳️😭💔,😔💔😢,💀😔🕳️⚠️😭,💀⚠️🕳️😭😔,💀⚠️🕳️😭💊,💀🕳️⚠️😭💊,💀⚠️🕳️😭🧠,😔💔🙏",3
user-474,"💀😭😞⚠️🕳️,😔😞💔😩🕳️,😊😌💪,😔💔😞,😔💔😢,😔💔😢",2
user-475,"💔😭,💀🕳️😭💔",3
user-476,"😔😢😞,😔💪✨🌟🙏,😔💔😢,😔💔✨,💀🕳️⚠️😭,💀⚠️🕳️😭🚨,🤔❓😔,💀🕳️😭⚠️😔,💀🕳️⚠️💪✨,😔💔😢,💀🕳️⚠️😭😔,💀⚠️😰🕳️😭,😔💔😢,😔💔😢",1
user-477,"😔💔😢,😊😌💪,😔💔😢,😔💪🙏,😊💪✨🌟🙏,😊🤝💪,😔💔😢",0
user-478,"😔💔😢,😊💪✨🌟,😔💪🌟,😔💔😢,😊🤝💪,😊😌💪✨🌟,💀⚠️🕳️😭🚨,😊🤝💪✨,😊😌💪,😊😌💪✨🌟,😊🤝🌟,😊😌✨",0
user-479,💀⚠️🔫😔,1
user-480,"💀⚠️🕳️,😊😌💪,😔💔😢,😔💔😢,😊😌💪,😊😌💪,😊😌✨,😊😌💪,😔💔😢,😔😞⚠️🕳️,😊😌💪,😔💔😢,😊😌💪✨🌟,😔⏳😩,😔💔😢🕳️,💀🕳️🕯️😔✨,😔💔😢",1
user-481,"😔❓⚠️,😔💔😢🕳️⚠️,💀🕳️⚠️😭🔪,😊💪✨🌟,😔💔😢,😔💔😢,😔😟⚠️,😔💊😭⚠️🕳️,🤔💳🚕🚆💰,😔⚠️🕳️,😔💔😢,😊😌💪,😔💭❓,😊😌💪✨🌟,😔💔😢🕳️,😊✨🌟,😔💔😢,😔💔😢,💀🕳️😭,😔💔😢,💀🕳️⚠️,💀🕳️😭😔⚠️,💀🔫⚠️😭🕳️",2
user-482,"💀⚠️😔💔✨,😊💪✨🌟🙏,😊😌💪✨🌟",0
user-483,"😔💔😞,💀⚠️😰🕳️😭,⚠️😰😔💔,💀🕳️⚠️,💀⚠️😰🕳️😭,💀⚠️🕳️😭,😔😢😞⚠️,😊🙏✨",1
user-484,"💀😔🕳️⚠️😭,😊😌💪✨🌟",2
user-485,"😊🌟💪,😊😌💪✨🌟,😊😌✨,😊😌💪✨🌟,😭💔🙏⚠️,😔💪✨🙏💚,😊😌💪✨🌟,😊😌💪,😊💪🌟,😔💔😢,😔💔😢,😊😌💪✨🌟,😊🤝💪,😊😌💪,😊😌💪,😊😌💪,😊😌💪,😊😌💪✨🌟,😊😌💪,😔💔😢😞⚠️,💀😰🕳️😭⚠️,😊😌💪,🤔💭🌀😵⚠️,😊😌💪✨🌟,💀🕳️😭,😊😌💪✨🌟,😊😌💪✨🌟,😊😌💪,😔😕🤷‍♂️,😊🤝🎮,😔💔😢,😊😌💪,😊😌💪,😊😌💪,😔💔😢,😊😌💪,😔💔😢,😊😌💪✨🌟,😊😌💪,😊😌💪,😊😌💪,😊😌💪,😊🤝💚✨🙏,😔💔😢,😊😌💪,💀🔫⚠️🕳️😰,😊😌✨,😔💔😢,😊😌💪,😔💔😢,😔💔😞⚠️🕳️,😊💪🌟,😔💔😢,😔💔😢😞,😊😌💪,😊😌💪,😔💔😢,😔💔😢,😊😌💪✨🌟,😊🙏🤝✨,💀⚠️🔫🕳️🚨,😊😌💪✨🌟,😊😌💪,😊😌💪,😊😌💪✨🌟,😊😌💪,😊😌💪,💀🕳️😭😔⚠️,😔💔😞🕳️⚠️,😔💔😢,😊😌💪✨🌟,😊💪🌟🙏💚,😊😌💪✨🌟,😊😌💪,😔💪✨🙏💚,😊😌✨,😊😌🤝,😔💔😢,😔💔😢,😊😌💪",1
user-486,"💀🕳️😭⚠️🩸,💀🕳️😭😰🌑,💀🕳️😰😔🩸",3
user-487,"💀💊🕳️😭⚠️,😔💔😢,😊😌💪,😔💪✨,😔💔😞,😔💔😢,💀🕳️⚠️😔💔,😊💪✨,💀⚠️🕳️😭,😔💔😞,😔💔😢,😊😌✨,😊🤝💚",2
user-488,"💀😰🕳️😭⚠️,💀⚠️🔫😰🕳️,😔💔😢🕳️⚠️",2
user-489,"😰🕳️😭⚠️,😊😌💪,💀⚠️🕳️🔪,💀⚠️🕳️😭,😔💔😢,😊😌💪,😔💔😢,😊😌💪,😊😌💪,💀🕳️⚠️🚨😵,🤔❓🤷‍♂️,🤔❓😐,😊😌💪,😔💔😢,😔💔😢,😔💊⚠️,😔💔😞,😔💔😢,😰🕳️😭💔,😔💔😡,😔❓⚠️,😔💔😢,😮❓😐,😔💔😢,😔💪✨,😔💔😢,😔👀⚠️,😔💔😢,😔💔😢,😔💊⚠️,💀⚠️🕳️😭💔,😊😌💪,😊😌💪,🤔❓😐,😊😌✨,💀🕳️⚠️😭😰,😊🤝💚,😔😞🕳️⚠️,🤔😔⚠️,😔💊⚠️,😠🤬😤,😔💔😢,😊😌💪,💀⚠️😭😔,😔💔😢,😔❓💭,😔❓⚠️,😊😌💪,😔💔😢,😔💔😢,😔💔😢,😔💔😢,😊🤝✨,😔❓🤷‍♂️,😔💪🙏,💀⚠️🕳️💊,💀🕳️⚠️🚨💊,😔💔😢,💀⚠️🔫😰🕳️,😊😌💪✨🌟,😊😌💪✨🌟,😔💔😢,😊😌💪,😔💔🕯️,😊😌💪✨🌟,😊😌💪,💀⚠️😭🕳️,😊🌿💚✨,😊😌💪,😔💔😢,😔💔😢,😊😌💪,💀⚰️🕳️,😊😌💪,😊😌💪,😔💔😢,😔💔😢,😔💔😢,😊😌💪✨🌟,😊😌💪,💀💊⚠️🕳️😭,💀⚠️😔💪✨,💀⚠️🕳️😭🚨,😔💔😢,😔😐🤔,😊😌💪,😔💭😴,😊😌💪,😊😌💪,😊🤝💪,😔😞😕,😊😌💪,😔💔😢,😔💔😢,😔💪✨,😔💔😞,😊😌💪,😊😌💪,😔😕🤨,😔💔😢,😔💔😢,😔💔😢,😔🤔😐,😔😴💤,😔💔😢,😔🤔❓,🤔❓🤷‍♂️,😔😢😞,😔💔🕳️,😔💊⚠️,😔💔😢,💀😰🕳️⚠️,💀🕳️😭⚠️,😔💔😢,💪✨🌟,😊😌💪,💀⚠️🕳️,😔💔😢,💀⚠️🕳️,😔😞😖,😊😌💪,😔💔😢,😔❓😐,😔😟🕳️,😔😕😖,😔❓⚠️,😊😌💪,🚨⚠️💀🕳️,😊😌💪,😊😌💪,💀🕳️⚠️,😔💊⚠️,😊😌💪✨🌟,😔🤔😐,😊💪✨,😔💔😢,💀🕳️⚠️,😔💔😢,😔💔😢,😊😌💪,😔❓⚠️,😊😌💪,😔💔😢,😊😌💪,💀🕳️⚠️😭😔,😔💔😢,😊😌💪✨🌟,😔💔😢,😔❓⚠️,😔💔😢,😔💔😢,😔💔😢,😊😌💪,😊🙏💪,😔💊⚠️,😔💔😢,😔💔😢,😊😌🙏,💊😰⚠️,💀🕳️😰😔💔,💊😔⚠️,😔💔😢,😔💔😢,😔💔😢,😔💪✨,😔💔😢⚠️,💀⚠️🕳️😭🚨,😊😌💪,😔💔😢,😔💔😢,💀⚠️🕳️😭😔,😊😌💪,😰😔💔⚠️,😔💔😢,😔❓⚠️,😊😌💪,😔💔😢,😰🕳️😭⚠️,😔💔😢,🤔❓🤷‍♂️,😔💔😢,😊😌💪,😔😕🤔,😔💔😢,😔💊⚠️,😔❓⚠️,😊🌱💚,😔💔😢,😊🤝💪✨,😊😌💪,😔🧠💊⚠️,😊🤝🍪✨,😔💔😢,😊😌💪,😔💔😢,😔💔😢,😊😌💪,😔❓⚠️,😔💊⚠️,😔🤔💊,😔💔😢,😊💪🌟,💀⚠️🕳️,😔💔😢,😊😌💪,😔💊⚠️,😊😌💪,😔💔😢,😰⚠️💀😭,😔📞⚕️,😔💔😢,😔😖😩,😔💔😢,😊😌💪,😔💔😢,😔💔😢,😊🍀🌟,😊😌💪,😊😌💪,😔💔😢,💀🕳️😭⚠️,💀🕳️😭⚠️,😔💔😢,😊😌💪,😊😌💪,😔💔😢,😰🕳️😭💔,😊😌💪,😔💔😢,😔💔😢,😊😌💪,💀⚠️🕳️😭,😔❓🤷‍♂️,😊😌💪,😊😌💪,😊😌✨,😔💔😢,😔💊⚠️,😊😌💪,😔😢😞,😊🤝🍕,😔💔😢,😊😌💪,😔💔😢,😔💔😢,😊😌💪,😔⚠️🕳️,😔😕😐,😊😌💪,😊😌💪,😊😌💪✨🌟,😔💔😢,😊😌💪,💀⚠️🕳️😰,😔💔😢,😔😩😞,⚠️😔🤝💚,😔😕⚠️,💊⚠️😰🕳️💀,😔🕳️💊⚠️,😊🤝💪,💀⚠️🔪🚨,😔💔😢,😔💔😢,😔❓⚠️,😔🙏💪,💀😰⚠️😭😔,😊😌💪✨🌟,😊😌💪,😔⚠️💔,😔💊⚠️,😊😌💪,😔💔😢,😊😌💪,😔💔😢,😊😌💪✨🌟,😔💔😢,😔💔😢,😔💔😢,💀🕳️😭⚠️,😊😌💪,😔🤔😐,😔😕😐,😔💔😢,😔😕😐,😊🤝💪,😔💔😢,💀⚠️🕳️😭,😔💔😡,😊😌💪,😊😌💪,😊😌💪",0
user-490,"😔💔😢,😊🙏✨,💀😔🕳️⚠️,💀🕳️😰😔💔,😔💔😢,💊😰😔⚠️,💀🕳️😭⚠️,😔💔😢⚠️🕳️,😔💔😢😞🕳️,😊😌💪,😰💀🕳️😭,😔🙏✨,😔😟😖,😔💔😢😞🕳️,😔💔😢,😊🙏✨,😔💔😢,😔💔😢,😔💔😢,😔💔😢🕳️⚠️,😔😞💔,💀🕳️😭💸😔,💀🕳️😭⚠️😔",4
user-491,"😔💔🕳️,😔💔✨,💀🕳️⚠️,😔💔😢,😊😌💪,😊😌💪✨🌟,😔💔😢,💀🕳️😰😔💔,😊😌💪",0
user-492,"😔❓⚠️,😔💔😢⚠️,😔💔😢,😊😌💪✨🌟,😔💔😢⚠️,💀🕳️⚠️😭,😊😌💪✨🌟,💀⚠️🕳️,😔💔😢,😊✨🌟,😔💔😢,😔💔😢,💀🕳️😭⚠️💔,💀⚠️😭🕳️,😔💔😢,😔💪✨,💀😔🕳️⚠️😭,😊😌💪,😔💔😢,😔💔😢,😔🕳️💀,💀⚠️🕳️😭🚨,💀🕳️⚠️",0
user-493,"😔💪✨,💀⚠️🕳️💊😰,💀😔🐾💪✨,😔⚠️🕳️,😔💔😢,😔💔😢,😊😌💪,😔💔😢,😔💔😢,💀🕳️⚠️😭🌑,😊😌💪✨🌟",1
user-494,"😔💔😢,😔💔😢",0
user-495,"😔💔✨,⚠️🕳️😰💀🚨,😔💔😢,😔💔😢,😊😌💪✨🌟,😔💔😢,😔💔😢,😔💪✨🙏,⚠️💀📞✨,😊😌💪,🚨⚠️💀🕳️,😊😌💪✨🌟,😔💪,😊😌💪,😔💪✨📞💚,😊💪🌟,⚠️😰😵🩸,😔💔😢,😔💔😢,😔💔😢,😔💔😢,⚠️🕳️😔",0
user-496,"💀🕳️😭🚨,😊😌💪,💀⚠️🕳️😭,💀⚠️🕳️,💀🕳️⚠️😭🚨,💀🕳️⚠️😭,💀🕳️😭⚠️🔪",1
user-497,"😊😌💪,😊💪✨🌟,😰💀⚠️😭,😊😌💪✨🌟,😔💔😢,💀🕳️⚠️😭😔,😔💔😢,😔💔😢,😔💔😩🕳️⚠️,😔💔😢,💀😔🕳️⚠️😭,😊😌💪,💀⚠️🕳️😭,😊😌💪,😊😌💪,😊😌💪,💀⚠️😭😔💔,😔💔😢,😊🌈🌟,😊😌💪✨🌟,😔❓🤷‍♂️,😔💔😢,😔💔😞⚠️,😔💔😢,😭⚠️💀😔,💊⚠️😰🕳️💀,😊💪✨🌟🙏,😔💔😢,😔💔😢,😊😌💪✨🌟,😔💔😞,😔💔😢,😔💔😢,😔💔😢,😔💔😢,😔💔✨,😔😞😖",0
user-498,"😔💔😢😞⚠️,😔💔😞🕳️⚠️,😔💔😢,💀💊⚠️🕳️😭,😔💔😢😞",4
user-499,💀🕳️⚠️😭🔪,3
